{
  "total_posts": 2950,
  "avg_text_length": 765.2735593220339,
  "theme": "all",
  "groups_distribution": {
    "Коммерсантъ Политика": 500,
    "ТАСС Наука": 500,
    "Haier Russia": 185,
    "STORE77 магазин оригинальной техники": 265,
    "Искусство и культура": 500,
    "Книги - скачать, советы, литература": 500,
    "VK Спорт (@mail.ru)": 500
  },
  "date_range": {
    "min_date": 1641189600,
    "max_date": 1714248120,
    "min_date_readable": "2022-01-03",
    "max_date_readable": "2024-04-27"
  }
}