post_id,owner_id,date,text,likes,reposts,comments,hashtags,search_hashtag,method
12497,-190320587,1712747255,"Обитают ли в Чёрном море организмы, способные жить без кислорода? Что позволяет им обходиться без него? Как в больших водах формируются зоны экстремальной гипоксии? Что такое метаболический арест? Какое строение имеют клетки организмов, живущих среди сероводорода? Что такое гиперосмотические среды? Об этом рассказывает Александр Солдатов, доктор биологических наук, главный научный сотрудник, руководитель отдела физиологии животных и биохимии [club178389463|Института биологии южных морей имени А.О. Ковалевского РАН]. Благодарим за монтаж [id17243831|Алину Морозову] (НаукаPRO–Тбилиси). 🤝 📌 [ «Биология».] 👉 [ чтобы не пропустить больше интересного!] #НаукаPRO #биология #океанология #эволюция #фауна #подводныймир #Чёрноеморе #наука #научпоп #АлександрСолдатов",64,31,1,"['#наукаpro', '#биология', '#океанология', '#эволюция', '#фауна', '#подводныймир', '#чёрноеморе', '#наука', '#научпоп', '#александрсолдатов']",наука,wall.search
12286,-190320587,1710493249,"Кто первым пытался омолаживать людей путём переливания крови? Зачем во Франции людям пересаживали половые железы обезьян, и как эти эксперименты повлияли на советскую науку? Действительно ли в СССР хотели скрестить человека и обезьяну? Как революционные научные идеи и эксперименты отражались на советской фантастике 1920-х годов? Об этом и многом другом рассказывает [id120593623|Валерия Слискова], историк советской науки, младший научный сотрудник [club16479782|РГГУ], заведующая научным архивом [club197893311|Института этнологии и антропологии имени Н.Н. Миклухо-Маклая РАН]. 🐈 «Кот учёный» — канал Валерии Слисковой о науке и не только: [#alias|t.me/academic_cat|t.me/academic_cat] 🎓 [club203823089|«Советская наука»] — научно-исследовательские проекты РГГУ: [#alias|t.me/sciencehis...|t.me/sciencehistoryrsuh] 📌 [ НаукаPRO «СССР».] 👉 [ чтобы не пропустить больше интересного!] #НаукаPRO #СоветскийСоюз #СССР #АлександрБогданов #Советскаянаука #переливаниекрови #наука #научпоп #ВалерияСлискова",91,25,2,"['#alias', '#alias', '#наукаpro', '#советскийсоюз', '#ссср', '#александрбогданов', '#советскаянаука', '#переливаниекрови', '#наука', '#научпоп', '#валерияслискова']",наука,wall.search
12044,-190320587,1708102998,"Приносит ли коммерческая археология вред историческому наследию? Чем превращение археологических раскопок в бизнес угрожает археологии как науке в ближайшие десятилетия? Как можно было бы повлиять на этот процесс? Своим мнением делится [id205829370|Андрей Масловский], археолог, кандидат исторических наук, заведующий [club35986272|отделом археологии] [club43184240|Азовского историко‑археологического и палеонтологического музея‑заповедника им. А.А. Горбенко]. 📌 [ «Золотоордынский Азак».] 👉 [ чтобы не пропустить больше интересного!] #НаукаPRO #археология #археолог #краеведение #история #наука #Азов #Ростовскаяобласть #научпоп #АндреМасловский",85,38,5,"['#наукаpro', '#археология', '#археолог', '#краеведение', '#история', '#наука', '#азов', '#ростовскаяобласть', '#научпоп', '#андремасловский']",наука,wall.search
11901,-190320587,1706720881,"Учёный начинается с детства. Каким было детство Владимира Ивановича Вернадского? Кем были его родители? Какие ценности они закладывали в маленького Володю и каким было его воспитание в семье? Как с ранних лет происходило становление великого учёного? Об этом рассказывает [id101369089|Ирина Фёдоровна Черкашина], биогеохимик, кандидат географических наук, член Союза изыскателей России. 👉 [ чтобы не пропустить больше интересного!] #НаукаPRO #Вернадский #педагогика #воспитание #наука #просвещение #научпоп #ИринаЧеркашина",111,42,1,"['#наукаpro', '#вернадский', '#педагогика', '#воспитание', '#наука', '#просвещение', '#научпоп', '#ириначеркашина']",наука,wall.search
11245,-190320587,1700837570,"Подборка сюжетов, записанных нашей командой в начале прошлого года на Всемирной выставке Экспо в Дубае (да-да, на той самой, на которой когда-то Александр Белл демонстрировал работу своего телефона, Джордж Феррис построил первое в мире колесо обозрения, после которой в Париже так и осталась стоять Эйфелева башня, несмотря на все протесты французских деятелей культуры, а символом Советского Союза в 1937 году стала 24-метровая скульптурная группа «Рабочий и колхозница»...). • Изобретение материала для обшивки спускаемого аппарата Юрия Гагарина • Атомные ледоколы нового типа • Безопасные шприцы третьего поколения • Перовскитные солнечные элементы (солнечные батареи и солнечная энергетика) • Теория решения изобретательских задач (ТРИЗ) Ещё раз благодарим за организацию съёмок [club157173976|Роспатент] и Федеральный институт промышленной собственности. #НаукаPRO #Роспатент #Экспо2020 #Expo2020 #Expo #Дубай #изобретения #наука #научпоп #научпросвет",59,19,3,"['#наукаpro', '#роспатент', '#экспо2020', '#expo2020', '#expo', '#дубай', '#изобретения', '#наука', '#научпоп', '#научпросвет']",наука,wall.search
10923,-190320587,1698987601,"❗4-я подборка лекций по математике! • Почему нельзя делить на ноль? • Почему 2 + 2 = 4? • Математика групповых футбольных турниров • Теория игр в Талмуде и в русской классике • Комплексные числа • Совершенные числа: нерешённая проблема школьной математики • Основная теорема арифметики • Формула Эйлера: самая красивая формула математики Рассказывает [club148115211|Алексей Савватеев], математик и матэкономист, доктор физико-математических наук, научный руководитель [club163532021|Кавказского Математического Центра АГУ], профессор [club932|Московского физико-технического института], ведущий научный сотрудник ЦЭМИ РАН, член-корреспондент РАН, популяризатор математики среди детей и взрослых. [ 1]. [ 2]. [ 3]. 👉 [ чтобы не пропустить больше интересного!] #НаукаPRO #Савватеев #АлексейСавватеев #наука #научпоп #научпросвет #математика #математикапросто",66,42,0,"['#наукаpro', '#савватеев', '#алексейсавватеев', '#наука', '#научпоп', '#научпросвет', '#математика', '#математикапросто']",наука,wall.search
10847,-190320587,1698314400,"Каково математическое определение такой «привычной» нам операции, как деление? Почему невозможно получить результат деления на ноль? Можно ли разделить ноль сам на себя и что из этого получится? Как невозможность деления на ноль можно объяснить физически? Рассказывает [club148115211|Алексей Савватеев], математик и матэкономист, доктор физико-математических наук, член-корреспондент РАН, популяризатор математики среди детей и взрослых, научный руководитель [club163532021|Кавказского математического центра АГУ], профессор [club932|Московского физико-технического института], ведущий научный сотрудник ЦЭМИ РАН. Благодарим за монтаж [id17243831|Алину Морозову] (НаукаPRO–Тбилиси). 😊🤝 👉 [ чтобы не пропустить больше интересного!] Ролик создан при поддержке [club76623756|Ассоциации волонтёрских центров] в рамках [club140919648|Международной премии] #МЫВМЕСТЕ. #НаукаPRO #Савватеев #АлексейСавватеев #наука #научпоп #научпросвет #математика #математикапросто",92,32,11,"['#мывместе', '#наукаpro', '#савватеев', '#алексейсавватеев', '#наука', '#научпоп', '#научпросвет', '#математика', '#математикапросто']",наука,wall.search
10821,-190320587,1698086636,"Кто стал создавать и развивать ЭВМ в СССР? Как выглядели ЭВМ первого поколения? Почему ранее критики полагали, что ЭВМ не найдёт широкого применения? Какими мощностями обладали ранние электронные вычислительные машины? Кто и как внедрил ЭВМ в атомную отрасль СССР? Об этом рассказывает Ирина Крайнева, доктор исторических наук, ведущий научный сотрудник Лаборатории информационных систем [club222916439|Института систем информатики им. А. П. Ершова Сибирского отделения РАН]. 👉 [ чтобы не пропустить больше интересного!] Ролик создан при поддержке [club76623756|Ассоциации волонтёрских центров] в рамках [club140919648|Международной премии] #МЫВМЕСТЕ. #НаукаPRO #ЭВМ #СССР #компьютер #компьютеры #техника #наука #ИринаКрайнева",83,29,1,"['#мывместе', '#наукаpro', '#эвм', '#ссср', '#компьютер', '#компьютеры', '#техника', '#наука', '#иринакрайнева']",наука,wall.search
10727,-190320587,1697623201,"Математика в футболе? Да! Как Россия могла НЕ выйти из группы на ЧМ по футболу 2018, и как это можно доказать математически? Может ли футбольная команда выиграть 2 матча из 3-х и не выйти из группы? А может ли дважды проиграть и всё-таки выйти? И в чём здесь может быть отличие группового этапа чемпионата мира по хоккею от футбольных чемпионатов? Рассказывает [club148115211|Алексей Савватеев], математик и матэкономист, доктор физико-математических наук, член-корреспондент РАН, популяризатор математики среди детей и взрослых, научный руководитель [club163532021|Кавказского математического центра АГУ], профессор [club932|Московского физико-технического института], ведущий научный сотрудник ЦЭМИ РАН. Благодарим за монтаж [id17243831|Алину Морозову] (НаукаPRO–Тбилиси). 😊🤝 👉 [ чтобы не пропустить больше интересного!] Ролик создан при поддержке [club76623756|Ассоциации волонтёрских центров] в рамках [club140919648|Международной премии] #МЫВМЕСТЕ. #НаукаPRO #Савватеев #АлексейСавватеев #наука #научпоп #научпросвет #математика #математикапросто",31,7,0,"['#мывместе', '#наукаpro', '#савватеев', '#алексейсавватеев', '#наука', '#научпоп', '#научпросвет', '#математика', '#математикапросто']",наука,wall.search
10623,-190320587,1697277600,"В чём заключается загадка Талмуда про раздел наследства? Как она объясняется с точки зрения теории игр? Почему её решение настолько важно для общества, что оно было отмечено Нобелевской премией по экономике 2005 года? В каком сюжете русской классики также можно увидеть теоретико-игровой подход? Об этом рассказывает [club148115211|Алексей Савватеев], математик и матэкономист, доктор физико-математических наук, член-корреспондент РАН, популяризатор математики среди детей и взрослых, научный руководитель [club163532021|Кавказского математического центра АГУ], профессор [club932|Московского физико-технического института], ведущий научный сотрудник ЦЭМИ РАН. Благодарим за монтаж [id17243831|Алину Морозову] (НаукаPRO–Тбилиси). 😊🤝 👉 [ чтобы не пропустить больше интересного!] Ролик создан при поддержке [club76623756|Ассоциации волонтёрских центров] в рамках [club140919648|Международной премии] #МЫВМЕСТЕ. #НаукаPRO #Савватеев #АлексейСавватеев #наука #научпоп #научпросвет #математика #математикапросто",37,20,2,"['#мывместе', '#наукаpro', '#савватеев', '#алексейсавватеев', '#наука', '#научпоп', '#научпросвет', '#математика', '#математикапросто']",наука,wall.search
10501,-190320587,1697047201,"Продолжаем розыгрыши книг! 📚😊 Разыгрываем две книги математика [club148115211|Алексея Савватеева] «Математика для гуманитариев» с автографом автора. Автор: «Книга, которую я предлагаю Вам прочитать, очень необычна — это лекции в режиме реального времени. Стиль повествования позволяет воссоздать атмосферу, царившую в аудитории, ведь на бумагу практически без шлифовки перенесены не только мои слова, но и догадки и комментарии слушателей. Именно такой концепцией обусловлен отказ от последовательного введения математических понятий. Переходя от сюжета слушателям (и читателям) в процессе беседы предлагаются все более логически сложные конструкции, подталкивающие к освоению базовых понятий, построений и языка современной математики. Для понимания данной книги не тpебуется никакое начальное знание, однако человек, освоивший её целиком, сможет в дальнейшем читать более специальную литературу». ❗Для участия в розыгрыше необходимо: ▸быть подписанными на нашу группу, ▸поставить этому посту лайк и сделать репост на личную страницу, ▸написать в комментариях под этим постом в нашей группе, чем вам интересна математика, ▸иметь открытую личную страницу и не быть ботом. 😉 Победители будут определены в субботу 14 октября в 23:00 с помощью рандомайзера. Желаем удачи! 🖖 #НаукаPRO #Савватеев #АлексейСавватеев #наука #научпоп #научпросвет #математика #математикапросто",150,54,86,"['#наукаpro', '#савватеев', '#алексейсавватеев', '#наука', '#научпоп', '#научпросвет', '#математика', '#математикапросто']",наука,wall.search
9977,-190320587,1695717660,❗Подборка длинных лекций #1. • Возникновение морали у людей – антрополог [id15342645|Станислав Дробышевский] • Чистка организма: чище не будет? – врач-токсиколог [id15768560|Алексей Водовозов] • Дикари каменного века: миф или реальность? – археолог [id381621088|Андрей Цыбрий] • Как устроена современная криптография – физик [id939081|Александр Гуфан] • Соседи наших предков в каменном веке – зоолог [id111243660|Олег Добровольский] • Вакцины: жертвы собственной эффективности – врач-токсиколог [id15768560|Алексей Водовозов] • Социальные структуры приматов и древних людей – антрополог [id15342645|Станислав Дробышевский] • Приложение ТРИЗ к усовершенствованию бизнес-процессов – Сергей Сычёв • Лекарство от старости: мечты и реальность – биолог [id101237222|Владимир Чистяков] • Неизбежен ли разум? – антрополог [id15342645|Станислав Дробышевский] 👉 [ чтобы не пропустить больше интересного!] #НаукаPRO #научпоп #наука #лекции #познавательно,79,42,0,"['#1', '#наукаpro', '#научпоп', '#наука', '#лекции', '#познавательно']",наука,wall.search
9809,-190320587,1695013202,"❗Цикл сюжетов «Структура материи» о том, как человеческий разум проникал вглубь структуры вещества. • От философии к первым экспериментам • Революция в физике рубежа 19 и 20 веков • Постулаты Бора • Модель Бора и гипотеза де Бройля • Принцип неопределенности и матричная механика Гейзенберга • Уравнение Шрёдингера. Зачем нужна квантовая механика • От атомов к частицам • Начало развития квантовой теории поля • Теория слабого и электромагнитного взаимодействия • Симметрия физических теорий Рассказывает Виталий Бейлин, кандидат физико-математических наук, доцент кафедры теоретической и вычислительной физики [club49164|Физического факультета ЮФУ], научный сотрудник отдела теоретической физики НИИ Физики ЮФУ. 👉 [ чтобы не пропустить больше интересного!] #НаукаPRO #наука #атомнаяфизика #квантоваямеханика #квантоваяфизика #физика #атом #НИИФизики #ВиталийБейлин",48,30,0,"['#наукаpro', '#наука', '#атомнаяфизика', '#квантоваямеханика', '#квантоваяфизика', '#физика', '#атом', '#ниифизики', '#виталийбейлин']",наука,wall.search
9473,-190320587,1693735200,"Как появились комплексные числа, что это такое и как математики пришли к необходимости их изучения? Какое отношение имеют комплексные числа к уравнениям со всеми вещественными корнями? Как они представляются геометрически и какие операции с ними можно производить? Об этом рассказывает [club148115211|Алексей Савватеев], математик и матэкономист, доктор физико-математических наук, член-корреспондент РАН, популяризатор математики среди детей и взрослых, научный руководитель [club163532021|Кавказского математического центра АГУ], профессор [club932|Московского физико-технического института], ведущий научный сотрудник ЦЭМИ РАН. 👉 [ чтобы не пропустить больше интересного материала!] Ролик создан при поддержке [club76623756|Ассоциации волонтёрских центров] в рамках [club140919648|Международной премии] #МЫВМЕСТЕ. #НаукаPRO #Савватеев #АлексейСавватеев #наука #научпоп #научпросвет #математика #математикапросто",48,20,0,"['#мывместе', '#наукаpro', '#савватеев', '#алексейсавватеев', '#наука', '#научпоп', '#научпросвет', '#математика', '#математикапросто']",наука,wall.search
9173,-190320587,1692766801,"Сколько «совершеннолетий» у математиков? 😊 Что такое совершенное число и какими свойствами оно обладает? Какие математические теоремы великих математиков прошлого связаны с этими необычными числами? Бывают ли совершенные числа нечётными? Может, попробуете найти и прославиться? Будет достаточно и одного такого числа! О совершенных числах рассказывает [club148115211|Алексей Савватеев], математик и матэкономист, доктор физико-математических наук, член-корреспондент РАН, популяризатор математики среди детей и взрослых, научный руководитель [club163532021|Кавказского Математического Центра АГУ], профессор [club932|Московского физико-технического института], ведущий научный сотрудник ЦЭМИ РАН. 👉 [ чтобы не пропустить больше интересного материала!] Ролик создан при поддержке [club76623756|Ассоциации волонтёрских центров] в рамках [club140919648|Международной премии] #МЫВМЕСТЕ. #НаукаPRO #Савватеев #АлексейСавватеев #наука #научпоп #научпросвет #математика #математикапросто",32,7,2,"['#мывместе', '#наукаpro', '#савватеев', '#алексейсавватеев', '#наука', '#научпоп', '#научпросвет', '#математика', '#математикапросто']",наука,wall.search
8910,-190320587,1691858597,"В чём заключается основная теорема арифметики и почему она так «громко» называется? Как она может быть доказана и какие интересные следствия из неё выводятся? Как она связана с простыми числами и методами шифрования? Об этом в лекции по математике рассказывает [club148115211|Алексей Савватеев], математик и матэкономист, доктор физико-математических наук, член-корреспондент РАН, популяризатор математики среди детей и взрослых, научный руководитель [club163532021|Кавказского Математического Центра АГУ], профессор [club932|Московского физико-технического института], ведущий научный сотрудник ЦЭМИ РАН. 👉 [ чтобы не пропустить больше интересного материала!] Ролик создан при поддержке [club76623756|Ассоциации волонтёрских центров] в рамках [club140919648|Международной премии] #МЫВМЕСТЕ. #НаукаPRO #Савватеев #АлексейСавватеев #наука #научпоп #научпросвет #математика #математикапросто",48,16,3,"['#мывместе', '#наукаpro', '#савватеев', '#алексейсавватеев', '#наука', '#научпоп', '#научпросвет', '#математика', '#математикапросто']",наука,wall.search
8756,-190320587,1691089782,"Почему формула Эйлера – «самая красивая» формула математики? Что такое тождество Эйлера, какими различными вариантами его можно представить и почему оно считается одной из самых красивых формул в математике? Как его вывести, как изобразить геометрически и как всё это можно понять наиболее наглядным образом, так сказать, «на пальцах и фломастерах»? 😉 Об этом в неподражаемой манере рассказывает [club148115211|Алексей Савватеев], математик и матэкономист, доктор физико-математических наук, член-корреспондент РАН, популяризатор математики среди детей и взрослых, научный руководитель [club163532021|Кавказского Математического Центра АГУ], профессор [club932|Московского физико-технического института], ведущий научный сотрудник ЦЭМИ РАН. 👉 [ чтобы не пропустить больше интересного материала!] Ролик создан при поддержке [club76623756|Ассоциации волонтёрских центров] в рамках [club140919648|Международной премии] #МЫВМЕСТЕ. #НаукаPRO #Савватеев #АлексейСавватеев #наука #научпоп #научпросвет #математика #математикапросто",58,25,13,"['#мывместе', '#наукаpro', '#савватеев', '#алексейсавватеев', '#наука', '#научпоп', '#научпросвет', '#математика', '#математикапросто']",наука,wall.search
8558,-190320587,1690020000,"❗Подборка лекций по математике! Часть 3. • Теорема Пуанкаре-Перельмана простыми словами • Как стать математиком? • Золотое сечение в математике • Математика в Нобелевской премии по экономике • Можно ли решить уравнение 5-й степени? • Теория игр: покер и математика • Проблема простых-близнецов • Пифагорова комната... Рассказывает [club148115211|Алексей Савватеев], математик и матэкономист, доктор физико-математических наук, научный руководитель Кавказского Математического Центра АГУ, профессор Московского физико-технического института, ведущий научный сотрудник ЦЭМИ РАН, член-корреспондент РАН, популяризатор математики среди детей и взрослых. [ 1]. [ 2]. 👉 [club190320587|Подпишись, чтобы не пропустить больше интересного материала!] #НаукаPRO #Савватеев #АлексейСавватеев #наука #научпоп #научпросвет #математика #математикапросто",64,33,0,"['#наукаpro', '#савватеев', '#алексейсавватеев', '#наука', '#научпоп', '#научпросвет', '#математика', '#математикапросто']",наука,wall.search
8496,-190320587,1689415200,"❗Подборка сюжетов по химии с Сергеем Белковым, химиком, флейвористом, научным журналистом, член Британского сообщества флейвористов. • Сахар и сахарозаменители: вред и мифы • Что такое запах и обоняние? • Пищевые добавки: вред и польза • Зачем создаются пищевые ароматизаторы • Хемофобная лекция: стоит ли бояться химикатов? • Научный метод познания • О популяризации науки 👉 [ чтобы не пропустить больше интересного материала!] #НаукаPRO #научпоп #химия #запах #запахи #флейвористика #наука #научпросвет #СергейБелков",55,33,1,"['#наукаpro', '#научпоп', '#химия', '#запах', '#запахи', '#флейвористика', '#наука', '#научпросвет', '#сергейбелков']",наука,wall.search
8472,-190320587,1689258845,"Как учёные изучают мозг вымерших животных? Что такое палеонейробиология? Как реконструируется мозг на основе ископаемого материала? Как компьютерная томография и трёхмерное моделирование позволили палеонтологам произвести революцию в палеонейробиологии динозавров? Насколько были развиты обоняние, слух и другие органы чувств панцирных динозавров? Рассказывает [id11159625|Иван Кузьмин], палеонтолог, кандидат биологических наук, ассистент кафедры зоологии позвоночных [club396|биологического факультета СПбГУ]. 👉 [club190320587|Подпишись, чтобы не пропустить больше интересного материала!] #НаукаPRO #палеонтология #нейрология #наука #научпросвет #биология #научпоп #динозавры #ИванКузьмин",45,18,1,"['#наукаpro', '#палеонтология', '#нейрология', '#наука', '#научпросвет', '#биология', '#научпоп', '#динозавры', '#иванкузьмин']",наука,wall.search
8449,-190320587,1688983200,"❗Подборка лекций по астрономии и астрофизике. Часть 2. • Вопросы астрофизикам, в которых надо перестать путаться • Вращение нейтронных звёзд • О популяризации науки • Как становятся астрофизиками? • История гравитации • Откуда астрофизики всё это знают? Рассказывает [id34502775|Антон Бирюков], астрофизик, кандидат физико-математических наук, старший научный сотрудник лаборатории Космических проектов Государственного астрономического института имени П. К. Штернберга. 👉 [club190320587|Подпишись, чтобы не пропустить больше интересного материала!] #НаукаPRO #астрономия #астрофизика #наука #научпросвет #научпоп #космос #Вселенная #ГАИШ #АнтонБирюков",61,28,0,"['#наукаpro', '#астрономия', '#астрофизика', '#наука', '#научпросвет', '#научпоп', '#космос', '#вселенная', '#гаиш', '#антонбирюков']",наука,wall.search
8447,-190320587,1688886001,"Насколько преувеличен вред сахара и сахароземенителей? Отличаются ли «сахарные калории» от калорий из других продуктов? Полезнее ли фруктоза вместо сахара? Есть ли вред от сахарозаменителей для человека? Какие сегодня существуют синтетические и натуральные сахарозаменители? Рассказывает Сергей Белков, химик, флейворист, научный журналист, член Британского сообщества флейвористов. 👉 [ чтобы не пропустить больше интересного материала!] #НаукаPRO #научпоп #химия #флейвористика #наука #научпросвет #популяризациянауки #СергейБелков",49,24,1,"['#наукаpro', '#научпоп', '#химия', '#флейвористика', '#наука', '#научпросвет', '#популяризациянауки', '#сергейбелков']",наука,wall.search
8444,-190320587,1688799600,"❗Подборка лекций по математике! Часть 2. • Волшебная школьная геометрия • Что нового в математике? • О популяризации математики • Связь успехов в олимпиадах с будущими научными достижениями • Парадокс дней рождения • Критерии оценки математических и экономических моделей • Математические сюжеты из астрономии и жизни • Моделирование лоббирования коррупции в экономике • Дзета-функция Римана Рассказывает [club148115211|Алексей Савватеев], математик и матэкономист, доктор физико-математических наук, научный руководитель Кавказского Математического Центра АГУ, профессор Московского физико-технического института, ведущий научный сотрудник ЦЭМИ РАН, член-корреспондент РАН, популяризатор математики среди детей и взрослых. 👉 [club190320587|Подпишись, чтобы не пропустить больше интересного материала!] #НаукаPRO #Савватеев #АлексейСавватеев #наука #научпоп #научпросвет #математика #математикапросто",65,43,0,"['#наукаpro', '#савватеев', '#алексейсавватеев', '#наука', '#научпоп', '#научпросвет', '#математика', '#математикапросто']",наука,wall.search
8420,-190320587,1688637600,"Как стать астрофизиком? На что обратить внимание и как понять, какая область знаний вас интересует? Какими путями можно прийти в астрофизику? Рассказывает [id6382040|Сергей Попов], астрофизик, профессор РАН, доктор физико-математических наук. 👉 [club190320587|Подпишись, чтобы не пропустить больше интересного материала!] #НаукаPRO #СергейПопов #астрономия #астрофизика #наука #научпросвет #научпоп #космос #Вселенная",27,15,1,"['#наукаpro', '#сергейпопов', '#астрономия', '#астрофизика', '#наука', '#научпросвет', '#научпоп', '#космос', '#вселенная']",наука,wall.search
8397,-190320587,1688450400,"Друзья, мы продолжаем цикл, посвящённый популяризации науки в России. Вы узнаете мнение наших лекторов о том, какой должна быть популяризация науки, её проблемах и достижениях, социальном и практическом значении, о том, как они пришли к этой деятельности, и зачем ею необходимо заниматься. Рассказывает [id34502775|Антон Бирюков], астрофизик, кандидат физико-математических наук, старший научный сотрудник лаборатории Космических проектов Государственного астрономического института имени П. К. Штернберга. 👉 [club190320587|Подпишись, чтобы не пропустить больше интересного материала!] #НаукаPRO #астрономия #астрофизика #наука #научпросвет #научпоп #космос #Вселенная #ГАИШ #АнтонБирюков",27,5,1,"['#наукаpro', '#астрономия', '#астрофизика', '#наука', '#научпросвет', '#научпоп', '#космос', '#вселенная', '#гаиш', '#антонбирюков']",наука,wall.search
8366,-190320587,1688108400,"Какая теория звездообразования в галактиках является общепринятой? Какие теории существовали наряду с ней? Что описывает закон Кенникатта-Шмидта и почему многие специалисты сомневаются, что это физический закон? Что такое зона Стрёмгрена? В каких галактиках можно в деталях наблюдать процесс образования звёзд? Что дало астронамам изучение галактики М33? Почему до сих пор нет стройной теории звездообразования в галактиках? Рассказывает Ольга Сильченко, доктор физико-математических наук, заместитель директора по научной работе государственного астрономического института имени П. К. Штернберга. 👉 [club190320587|Подпишись, чтобы не пропустить больше интересного материала!] #НаукаPRO #астрономия #астрофизика #наука #научпросвет #химия #физика #космос #галактики #ОльгаСильченко",44,13,4,"['#наукаpro', '#астрономия', '#астрофизика', '#наука', '#научпросвет', '#химия', '#физика', '#космос', '#галактики', '#ольгасильченко']",наука,wall.search
8342,-190320587,1687881600,"Что такое гравитационно-волновая ракета? В чём уникальность природы и каков принцип работы этого явления? [id6382040|Сергей Попов], астрофизик, профессор РАН, доктор физико-математических наук рассказывает, с какой скоростью движется сверхмассивная чёрная дыра, с помощью каких инструментов можно за этим наблюдать и как сверхмассивные чёрные дыры повлияли на образование галактик. 👉 [club190320587|Подпишись, чтобы не пропустить больше интересного материала!] #НаукаPRO #СергейПопов #астрофизика #астрономия #наука #научпоп #космос #Вселенная #чёрныедыры",82,19,2,"['#наукаpro', '#сергейпопов', '#астрофизика', '#астрономия', '#наука', '#научпоп', '#космос', '#вселенная', '#чёрныедыры']",наука,wall.search
8332,-190320587,1687790110,"Дорогие подписчики! Мы подвели итоги розыгрыша наших книг. По книге отправится к [id21269183|Александру Речкину], [id426111|Анне Дубровской], [id2363458|Станиславу Павлову], [id303285262|Андрею Николаеву], [id524046205|Erna Valrn]. Поздравляем победителей! Напишите в сообщения [club69577606|группы «Альпина нон-фикшн»], чтобы получить свою книгу. 😊 #НаукаPRO #АльпинаНонФикшн #научпоп #розыгрыш #книги #антропология #палеолит #эволюция #наука",21,3,5,"['#наукаpro', '#альпинанонфикшн', '#научпоп', '#розыгрыш', '#книги', '#антропология', '#палеолит', '#эволюция', '#наука']",наука,wall.search
8318,-190320587,1687773600,"Мы продолжаем цикл, посвящённый популяризации науки в России. Вы узнаете мнение наших лекторов о том, какой должна быть популяризация науки, её проблемах и достижениях, социальном и практическом значении, о том, как они пришли к этой деятельности, и зачем ею необходимо заниматься. Рассказывает Евгения Тимонова, российский научный журналист и телеведущая, натуралист, автор и ведущая видеоблога «Всё как у зверей». 👉 [club190320587|Подпишись, чтобы не пропустить больше интересного материала!] #НаукаPRO #зоология #ЕвгенияТимонова #наука #научпоп #научпросвет #биология #животные #фауна",33,3,0,"['#наукаpro', '#зоология', '#евгениятимонова', '#наука', '#научпоп', '#научпросвет', '#биология', '#животные', '#фауна']",наука,wall.search
8225,-190320587,1687604400,"Чешуекрылые или бабочки — один из самых крупных отрядов насекомых. В Ростовской области обитает не менее 1500 видов. Фауна чешуекрылых южных регионов России находится в постоянной динамике из-за климатических и антропогенных факторов. Но неверным было бы утверждение об её постепенном обеднении. Например, за последние 100-150 лет в степных регионах стало больше лесных видов бабочек. Появляются также инвазивные виды из далёких зоогеографических провинций. Особенностью формирования фауны чешуекрылых и других насекомых в степной зоне является ярко выраженная концентрация видового разнообразия на ограниченных по площади участках, которые окружены агроценозами, где постоянно применяются инсектициды для борьбы с вредителями. Поэтому, в целом, энтомофауна находится под угрозой, особенно при усилении химизации сельского хозяйства без жёстких мер экологического контроля со стороны государства. Рассказывает Александр Полтавский, энтомолог, кандидат биологических наук, старший научный сотрудник Ботанического сада ЮФУ. Александр Николаевич Полтавский (15 сентября 1954 – 18 ноября 2020). [#alias|sfedu.ru/press-cent...|sfedu.ru/press-center/news/64199] «Александр Николаевич – известный учёный с мировым именем, специалист в области изучения биологического разнообразия чешуекрылых Северного Кавказа и Средней Азии. Основной научной работой в период 1972–2015 был мониторинг разноусых чешуекрылых Ростовской области. В 2002 А.Н. Полтавский впервые сформулировал инновационную концепцию «энтомологических рефугиумов» в степной зоне юга России, как альтернативный подход к проблеме охраны насекомых в развитых сельскохозяйственных регионах. Эта концепция в дальнейшем развивалась в ряде статей и монографий. Александр Николаевич – автор более 200 научных и методических публикаций (в том числе 13 монографий). Он редактировал сборники научных работ, посвящённые обсуждению проблем региональной Красной книги Ростовской области, участвовал в подготовке её первого издания в 2004. По приглашению коллег и руководителей регионов участвовал в написании Красной книги Карачаево-Черкессии (2013), Красной книги Азербайджана (2014). Будучи сотрудником Ботанического сада ЮФУ А.Н. Полтавский разработал систему защиты интродуцированных растений в коллекциях и экспозициях с использованием современных пестицидов и индукторов иммунитета растений, которая обеспечивает полный контроль над всеми группами вредных организмов и сохранение коллекционного фонда живых растений. #НаукаPRO #энтомология #бабочки #чешуекрылые #научпоп #научпросвет #наука #биология #АлександрПолтавский",46,10,1,"['#alias', '#наукаpro', '#энтомология', '#бабочки', '#чешуекрылые', '#научпоп', '#научпросвет', '#наука', '#биология', '#александрполтавский']",наука,wall.search
8199,-190320587,1687514400,"❗Подборка лекций по астрономии и астрофизике. Часть 1. • Парадокс Ферми: почему молчит Вселенная? • Нибиру против Девятой планеты или почему не все гипотезы равны • Поиски жизни в Солнечной системе • Поиски жизни за пределами Солнечной системы • Происхождение химических элементов во Вселенной • Распределение химических элементов по планетам | Лекции по астрофизике • Первичные чёрные дыры • Горизонты чёрных дыр • Наблюдения за чёрными дырами • Гравитационно-волновая ракета Рассказывает [id6382040|Сергей Попов], астрофизик, доктор физико-математических наук, профессор РАН. 👉 [club190320587|Подпишись, чтобы не пропустить больше интересного материала!] #НаукаPRO #чёрныедыры #астрономия #астрофизика #наука #физика #научпоп #Вселенная #СергейПопов",114,63,0,"['#наукаpro', '#чёрныедыры', '#астрономия', '#астрофизика', '#наука', '#физика', '#научпоп', '#вселенная', '#сергейпопов']",наука,wall.search
8168,-190320587,1687428000,"С помощью какого числового ряда можно определить дзета-функцию Римана и каковы свойства этого ряда? Как наглядно представить комплексную экспоненту и почему это «помогает» ряду сходиться? Каким образом дзета-функция может быть продолжена за пределы её значений при вещественном аргументе? Что такое нули дзета-функции и как формулируется знаменитая гипотеза Римана? Каким образом свойства дзета-функции Римана связаны с простыми числами? Рассказывает [club148115211|Алексей Савватеев], математик и матэкономист, доктор физико-математических наук, научный руководитель Кавказского Математического Центра АГУ, профессор [club932|Московского физико-технического института], ведущий научный сотрудник ЦЭМИ РАН, член-корреспондент РАН, популяризатор математики среди детей и взрослых. 👉 [club190320587|Подпишись, чтобы не пропустить больше интересного материала!] #НаукаPRO #Савватеев #АлексейСавватеев #наука #научпоп #научпросвет #математика #математикапросто",28,4,3,"['#наукаpro', '#савватеев', '#алексейсавватеев', '#наука', '#научпоп', '#научпросвет', '#математика', '#математикапросто']",наука,wall.search
8118,-190320587,1687346591,"Нашим друзьям, [club69577606|издательству «Альпина нон-фикшн»] исполнилось 15 лет! 🚀 В честь дня рождения разыгрываем 5 книг издательства! 👉 1) «Метазоа: Зарождение разума в животном мире» Питер Годфри-Смит Об эволюционном происхождении не только тела человека, но и его сознания. 👉 2) «Почему люди разные: Научный взгляд на человеческую индивидуальность» Дэвид Линден О том, каким образом формируется человеческая индивидуальность и в какой мере на наши предпочтения влияют генетика, среда и воспитание. 👉 3) «Близкие контакты далеких предков: Как эволюционировал наш вид» Санхи Ли История появления Homo sapiens и поиски колыбели человечества. Увлекательный рассказ о взаимоотношениях неандертальцев, денисовцев и других обособившихся ветвей рода Homo. 👉 4) «Родня: Жизнь, любовь, искусство и смерть неандертальцев» Ребекка Рэгг Сайкс Опираясь на находки последних десятилетий, автор расскажет, где и когда жили неандертальцы, каким образом использовали орудия, чем питались и кого любили. 👉 5) «Воспитание дикости: Как животные создают свою культуру, растят потомство, учат и учатся» Карл Сафина Книга рассказывает о культурах, носители которых не являются людьми: это дикие животные, населяющие девственные районы нашей планеты. ❗Для участия в праздничном розыгрыше необходимо: ➜ быть подписанными [club190320587|на нашу группу] и [club69577606|на группу «Альпина нон-фикшн»], ➜ поставить этому посту лайк и сделать репост, ➜ дайте знать в комментариях под этим постом в нашей группе, что участвуете. Итоги розыгрыша будут подведены и объявлены в понедельник 26 июня в 15:00 — случайным образом выберем пятерых победителей, которым Альпина нон-фикшн отправит по книге. Доставка по РФ. Желаем всем участникам удачи! ✌🏻 #НаукаPRO #АльпинаНонФикшн #научпоп #розыгрыш #книги #антропология #палеолит #эволюция #наука PS: А если вы хотите iPhone 13, колонку от Академии Яндекса, билеты на лекции и в музеи, доступ к курсам Level One, учиться в Creative Writing School и книги со скидками, то вам сюда: [#alias|15.nonfiction.ru|15.nonfiction.ru]",269,69,172,"['#наукаpro', '#альпинанонфикшн', '#научпоп', '#розыгрыш', '#книги', '#антропология', '#палеолит', '#эволюция', '#наука', '#alias']",наука,wall.search
8070,-190320587,1687021200,"Какими были взаимоотношения между греками и варварскими народами в Северном причерноморье в античный период? Чувствовали ли себя греческие колонии Черного моря в безопасности? Совершали ли набеги местные племена на греческие города? К каким методам взаимодействия с варварами прибегали греческие правители? Рассказывает [id325445|Александр Бутягин], археолог, заведующий сектором античной археологии [club67940544|Государственного Эрмитажа]. Материал подготовлен в открытые дни археологии [club177610347|Института археологии РАН] #НаукаPRO #открытые_дни_археологии #античность #археология #Боспор #греки #варвары #научпоп #наука #АлександрБутягин",99,36,2,"['#наукаpro', '#открытые_дни_археологии', '#античность', '#археология', '#боспор', '#греки', '#варвары', '#научпоп', '#наука', '#александрбутягин']",наука,wall.search
8046,-190320587,1686924300,"Какие археологические материалы были получены учёными при исследования каменного века Кавказа? В чём состоит трудность в определении слоёв среднего каменного века — мезолита Северного Кавказа? Какие новые данные в 2000-х годах дали два памятника каменного века, расположенные в Губском ущелье: Навес Чыгай и Пещера Двойная? Какие формы охотничьего вооружения и орудий труда позволяют отнести культурные слои к среднему каменному веку? Как изменялись наконечники стрел в течение мезолита? Какие точки зрения на заселение людьми Кавказа есть в современной науке? Рассказывает Елена Леонова, археолог, кандидат исторических наук, научный сотрудник отдела археологии каменного века [club177610347|Института археологии РАН]. Материал подготовлен в открытые дни археологии [club177610347|Института археологии РАН]. #НаукаPRO #открытые_дни_археологии #археология #мезолит #наука #история #каменныйвек #ЕленаЛеонова",72,14,0,"['#наукаpro', '#открытые_дни_археологии', '#археология', '#мезолит', '#наука', '#история', '#каменныйвек', '#еленалеонова']",наука,wall.search
8032,-190320587,1686812401,"Как протекает химическая эволюция галактик? Как происходит наблюдение за этим процессом? Из чего состоял первичный химический состав Вселенной? Ольга Сильченко, астрофизик, доктор физико-математических наук, заместитель директора по научной работе государственного астрономического института имени П. К. Штернберга рассказывает, что такое металличность звёзд, как происходит звёздообразование в карликовых галактиках и удалось ли учёным найти звезду с нулевой металличностью? 👉 [club190320587|Подпишись, чтобы не пропустить больше интересного материала!] #НаукаPRO #астрономия #астрофизика #наука #научпоп #химия #физика #космос #галактики #ОльгаСильченко",32,11,0,"['#наукаpro', '#астрономия', '#астрофизика', '#наука', '#научпоп', '#химия', '#физика', '#космос', '#галактики', '#ольгасильченко']",наука,wall.search
7995,-190320587,1686412800,"❗Подборка лекций по математике! Часть 1. • Задача об упаковке шаров в теории и практике • Фигуры постоянной ширины • Шарнирные механизмы • Число Пи: как считали и наглядное определение • Математика калейдоскопа • Как популяризировать математику? • Длина лестницы Рассказывает Николай Андреев кандидат физико-математических наук, заведующий лабораторией популяризации и пропаганды математики Математического института им. В. А. Стеклова РАН. 👉 [club190320587|Подпишись, чтобы не пропустить больше интересного материала!] #НаукаPRO #математика #занимательнаяматематика #наука #научпросвет #научпоп #мехмат #математикапросто #НиколайАндреев",52,29,0,"['#наукаpro', '#математика', '#занимательнаяматематика', '#наука', '#научпросвет', '#научпоп', '#мехмат', '#математикапросто', '#николайандреев']",наука,wall.search
7936,-190320587,1686045600,"Как заинтересовать ребёнка астрономией? Как интерес к космосу и восхищение его красотой могут подтолкнуть человека к занятию наукой? Рассказывает [id34502775|Антон Бирюков], астрофизик, кандидат физико-математических наук, старший научный сотрудник лаборатории Космических проектов Государственного астрономического института имени П. К. Штернберга. 👉 [club190320587|Подпишись, чтобы не пропустить больше интересного материала!] #НаукаPRO #астрономия #астрофизика #наука #научпросвет #научпоп #космос #Вселенная #ГАИШ #АнтонБирюков",32,5,5,"['#наукаpro', '#астрономия', '#астрофизика', '#наука', '#научпросвет', '#научпоп', '#космос', '#вселенная', '#гаиш', '#антонбирюков']",наука,wall.search
7929,-190320587,1685887200,"Задумывались ли вы какой из ковров будет длиннее на лестницах с различной высотой ступеней? В этом небольшом сюжете рассматривается «парадоксальная» на первый взгляд задача, «бросающая вызов» самой теореме Пифагора! А догадается ли зритель в чём тут дело и почему теореме Пифагора всё-таки можно доверять? 😉 Рассказывает Николай Андреев, кандидат физико-математических наук, заведующий лабораторией популяризации и пропаганды математики Математического института им. В. А. Стеклова РАН. 👉 [club190320587|Подпишись, чтобы не пропустить больше интересного материала!] #НаукаPRO #математика #занимательнаяматематика #наука #научпросвет #научпоп #мехмат #математикапросто #НиколайАндреев",54,11,0,"['#наукаpro', '#математика', '#занимательнаяматематика', '#наука', '#научпросвет', '#научпоп', '#мехмат', '#математикапросто', '#николайандреев']",наука,wall.search
7794,-190320587,1684738800,"Мы продолжаем цикл, посвящённый популяризации науки в России. Вы узнаете мнение наших лекторов о том, какой должна быть популяризация науки, её проблемах и достижениях, социальном и практическом значении, о том, как они пришли к этой деятельности, и зачем ею необходимо заниматься. Рассказывает Сергей Белков, химик, флейворист, научный журналист, член Британского сообщества флейвористов. 👉 [ чтобы не пропустить больше интересного материала!] #НаукаPRO #научпоп #химия #флейвористика #наука #научпросвет #популяризациянауки #СергейБелков",41,7,1,"['#наукаpro', '#научпоп', '#химия', '#флейвористика', '#наука', '#научпросвет', '#популяризациянауки', '#сергейбелков']",наука,wall.search
7765,-190320587,1684677525,"Действительно ли обезьяна эволюционировала в человека от облучения ураном? Произошёл ли человек от карликов или гигантских обезьян? Какие ещё фантастические теории и гипотезы о происхождении человека высказывали антропологи в конце 19 и начала 20 века? Почему и на основе чего они делали подобные выводы? Почему так не получится сделать сегодня? Об этом в мини-лекции по антропологии рассказывает [id15342645|Станислав Дробышевский], антрополог, кандидат биологических наук, доцент кафедры антропологии [club45059353|биологического факультета МГУ имени М. В. Ломоносова]. 👉 [club190320587|Подпишись, чтобы не пропустить больше интересного материала!] #НаукаPRO #Дробышевский #СтаниславДробышевский #научпоп #антропология #археология #каменныйвек #наука #учёныескрывают",142,29,1,"['#наукаpro', '#дробышевский', '#станиславдробышевский', '#научпоп', '#антропология', '#археология', '#каменныйвек', '#наука', '#учёныескрывают']",наука,wall.search
7735,-190320587,1684480001,"Какие виды галактик существуют во Вселенной? Какие процессы происходят внутри них? На какие этапы делится жизнь галактик? Ольга Сильченко, доктор физико-математических наук, заместитель директора по научной работе государственного астрономического института имени П. К. Штернберга рассказывает, какие бывают структуры и виды галактик, каков их возраст и какие вопросы в изучении этих астрономических объектов остаются нерешенными в астрофизике. 👉 [club190320587|Подпишись, чтобы не пропустить больше интересного материала!] #НаукаPRO #астрономия #астрофизика #наука #научпросвет #научпоп #космос #Вселенная #галактики #ОльгаСильченко",67,27,1,"['#наукаpro', '#астрономия', '#астрофизика', '#наука', '#научпросвет', '#научпоп', '#космос', '#вселенная', '#галактики', '#ольгасильченко']",наука,wall.search
7609,-190320587,1683961203,"Что такое углы Эйлера и почему с ними не всегда удобно работать? Как можно представить любое движение на плоскости и в пространстве, используя всего два простых действия? В чём заключается теорема Шаля? Существует ли аналог комплексных чисел в трёхмерном пространстве? Как четырёхмерное пространство «помогает» трёхмерному в описании движений? За счёт чего аппарат кватернионов так упрощает расчёты в компьютерной графике? Рассказывает Николай Андреев кандидат физико-математических наук, заведующий лабораторией популяризации и пропаганды математики Математического института им. В. А. Стеклова РАН. 👉 [ чтобы не пропустить больше интересного материала!] #НаукаPRO #математика #занимательнаяматематика #наука #научпросвет #научпоп #мехмат #математикапросто #НиколайАндреев",61,20,0,"['#наукаpro', '#математика', '#занимательнаяматематика', '#наука', '#научпросвет', '#научпоп', '#мехмат', '#математикапросто', '#николайандреев']",наука,wall.search
7500,-190320587,1683270002,"Что такое внегалактическая астрономия? Какие объекты Вселенной она изучает? Когда стала зарождаться данное направление астрономии? Ольга Сильченко, доктор физико-математических наук, заместитель директора по научной работе Государственного астрономического института имени П. К. Штернберга рассказывает, как развивалась внегалактическая астрономия, какими инструментами пользуются астрономы для изучения галактик и как было открыто расширение Вселенной. 👉 [club190320587|Подпишись, чтобы не пропустить больше интересного материала!] #НаукаPRO #астрономия #астрофизика #наука #научпросвет #научпоп #космос #Вселенная #галактики #ОльгаСильченко",54,16,0,"['#наукаpro', '#астрономия', '#астрофизика', '#наука', '#научпросвет', '#научпоп', '#космос', '#вселенная', '#галактики', '#ольгасильченко']",наука,wall.search
7469,-190320587,1683176403,"Какие бывают пищевые добавки? В чём их вред и польза? Какие проверки проходят химические вещества прежде, чем попасть в продукты питания? Насколько опасно частое употребление пищевых добавок? Чем опасно отсутствие пищевых добавок в еде? Рассказывает Сергей Белков, химик, флейворист, научный журналист, член Британского сообщества флейвористов. 👉 [club190320587|Подпишись, чтобы не пропустить больше интересного материала!] #НаукаPRO #химия #пищевыедобавки #научпросвет #наука #научпоп #популяризация #флейвористика #СергейБелков",38,18,0,"['#наукаpro', '#химия', '#пищевыедобавки', '#научпросвет', '#наука', '#научпоп', '#популяризация', '#флейвористика', '#сергейбелков']",наука,wall.search
7455,-190320587,1683129780,"В чём заключается необычная особенность табурета, придуманного великим русским математиком и механиком Пафнутием Львовичем Чебышёвым? Какая математическая теорема была использована в этом изобретении? Где может применяться табурет такой конструкции? Какие ещё механизмы были разработаны Пафнутием Львовичем Чебышёвым, где с ними можно познакомиться и разобраться, как они устроены? Рассказывает Николай Андреев, кандидат физико-математических наук, заведующий лабораторией популяризации и пропаганды математики Математического института им. В. А. Стеклова РАН. 👉 [club190320587|Подпишись, чтобы не пропустить больше интересного материала!] #НаукаPRO #математика #занимательнаяматематика #наука #научпросвет #научпоп #мехмат #математикапросто #НиколайАндреев",82,24,2,"['#наукаpro', '#математика', '#занимательнаяматематика', '#наука', '#научпросвет', '#научпоп', '#мехмат', '#математикапросто', '#николайандреев']",наука,wall.search
