{
  "total_posts": 46,
  "avg_text_length": 828.0434782608696,
  "hashtags_distribution": {
    "#наукаpro": 46,
    "#биология": 4,
    "#океанология": 1,
    "#эволюция": 3,
    "#фауна": 2,
    "#подводныймир": 1,
    "#чёрноеморе": 1,
    "#наука": 46,
    "#научпоп": 42,
    "#александрсолдатов": 1,
    "#alias": 4,
    "#советскийсоюз": 1,
    "#ссср": 2,
    "#александрбогданов": 1,
    "#советскаянаука": 1,
    "#переливаниекрови": 1,
    "#валерияслискова": 1,
    "#археология": 4,
    "#археолог": 1,
    "#краеведение": 1,
    "#история": 2,
    "#азов": 1,
    "#ростовскаяобласть": 1,
    "#андремасловский": 1,
    "#вернадский": 1,
    "#педагогика": 1,
    "#воспитание": 1,
    "#просвещение": 1,
    "#ириначеркашина": 1,
    "#роспатент": 1,
    "#экспо2020": 1,
    "#expo2020": 1,
    "#expo": 1,
    "#дубай": 1,
    "#изобретения": 1,
    "#научпросвет": 31,
    "#савватеев": 12,
    "#алексейсавватеев": 12,
    "#математика": 16,
    "#математикапросто": 16,
    "#мывместе": 8,
    "#эвм": 1,
    "#компьютер": 1,
    "#компьютеры": 1,
    "#техника": 1,
    "#иринакрайнева": 1,
    "#1": 1,
    "#лекции": 1,
    "#познавательно": 1,
    "#атомнаяфизика": 1,
    "#квантоваямеханика": 1,
    "#квантоваяфизика": 1,
    "#физика": 4,
    "#атом": 1,
    "#ниифизики": 1,
    "#виталийбейлин": 1,
    "#химия": 6,
    "#запах": 1,
    "#запахи": 1,
    "#флейвористика": 4,
    "#сергейбелков": 4,
    "#палеонтология": 1,
    "#нейрология": 1,
    "#динозавры": 1,
    "#иванкузьмин": 1,
    "#астрономия": 10,
    "#астрофизика": 10,
    "#космос": 9,
    "#вселенная": 8,
    "#гаиш": 3,
    "#антонбирюков": 3,
    "#популяризациянауки": 2,
    "#сергейпопов": 3,
    "#галактики": 4,
    "#ольгасильченко": 4,
    "#чёрныедыры": 2,
    "#альпинанонфикшн": 2,
    "#розыгрыш": 2,
    "#книги": 2,
    "#антропология": 3,
    "#палеолит": 2,
    "#зоология": 1,
    "#евгениятимонова": 1,
    "#животные": 1,
    "#энтомология": 1,
    "#бабочки": 1,
    "#чешуекрылые": 1,
    "#александрполтавский": 1,
    "#открытые_дни_археологии": 2,
    "#античность": 1,
    "#боспор": 1,
    "#греки": 1,
    "#варвары": 1,
    "#александрбутягин": 1,
    "#мезолит": 1,
    "#каменныйвек": 2,
    "#еленалеонова": 1,
    "#занимательнаяматематика": 4,
    "#мехмат": 4,
    "#николайандреев": 4,
    "#дробышевский": 1,
    "#станиславдробышевский": 1,
    "#учёныескрывают": 1,
    "#пищевыедобавки": 1,
    "#популяризация": 1
  },
  "collection_methods": {
    "wall.search": 46
  },
  "date_range": {
    "min_date": 1683129780,
    "max_date": 1712747255,
    "min_date_readable": "2023-05-03",
    "max_date_readable": "2024-04-10"
  }
}