{
  "total_posts": 32,
  "avg_text_length": 504.03125,
  "hashtags_distribution": {
    "#alias": 29,
    "#бестселлер": 3,
    "#книги": 31,
    "#литература": 32,
    "#детектив": 5,
    "#триллер": 1,
    "#книгагода": 1,
    "#электроннаябуква": 3,
    "#электроннаябуква2023": 1,
    "#новинка": 9,
    "#поэззия": 1,
    "#саморазвитие": 1,
    "#самопознание": 1,
    "#этоинтересно": 7,
    "#литрес": 5,
    "#столеттомувперед": 1,
    "#булычев": 1,
    "#аудиокниги": 7,
    "#дата": 11,
    "#факт": 6,
    "#устинова": 1,
    "#татьянаустинова": 1,
    "#подборка": 8,
    "#чтопочитать": 14,
    "#цитата": 2,
    "#шарлоттабронте": 1,
    "#классика": 2,
    "#триллеры": 1,
    "#ужасы": 1,
    "#аудио": 1,
    "#воскресение": 1,
    "#толстой": 1,
    "#анонимус": 1,
    "#5причинпрочесть": 1,
    "#космонавтика": 1,
    "#денькосмонавтики": 1,
    "#космос": 1,
    "#поехали": 1,
    "#мистика": 1,
    "#фантастика": 3,
    "#ганнибал": 1,
    "#кино": 1,
    "#чтопосмотреть": 1,
    "#вечернийкинопоказ": 1,
    "#лукьяненко": 1,
    "#сергейлукьяненко": 1,
    "#мессиядюны": 1,
    "#герберт": 2,
    "#новость": 1,
    "#звездныевойны": 1,
    "#естьчтопоесть": 1,
    "#расследования": 1,
    "#мотивация": 1,
    "#роберткийосаки": 1,
    "#цитаты": 3,
    "#артурхейли": 1,
    "#аленашвец": 1,
    "#лолита": 1,
    "#набоков": 1,
    "#аудиокнига": 1,
    "#детскиекниги": 1,
    "#гоголь": 1,
    "#мертвыедуши": 1,
    "#дети": 1,
    "#корнейчуковский": 1,
    "#чуковский": 1,
    "#детективы": 1,
    "#юнесбе": 1,
    "#максимгорький": 1,
    "#дюна": 1,
    "#бакман": 1,
    "#фредрикбакман": 1,
    "#медвежийугол": 1,
    "#проза": 1
  },
  "collection_methods": {
    "wall.search": 32
  },
  "date_range": {
    "min_date": 1711005088,
    "max_date": 1714151774,
    "min_date_readable": "2024-03-21",
    "max_date_readable": "2024-04-26"
  }
}