{
  "total_posts": 5,
  "avg_text_length": 1485.4,
  "hashtags_distribution": {
    "#alias": 2,
    "#криминал": 1,
    "#протест": 1,
    "#антифа": 1,
    "#политика": 5,
    "#сорбонна": 1,
    "#париж": 1,
    "#общество": 1,
    "#россия": 2,
    "#деломародеров": 1,
    "#политзаключенные": 1,
    "#самара": 1,
    "#интервью": 1,
    "#свободучестным": 1,
    "#репрессии": 1,
    "#мвд": 1,
    "#фальсификация": 1,
    "#тнт": 1,
    "#shorts": 1,
    "#юмор": 1,
    "#камеди": 1,
    "#маринакравец": 1,
    "#заденьгида": 1,
    "#дворянство": 1,
    "#русскоедворянство": 1,
    "#документ": 1,
    "#паспорт": 1,
    "#похвальныйлист": 1,
    "#редкость": 2,
    "#антиквариат": 2,
    "#коллекционирование": 2,
    "#старинныйдокумент": 1,
    "#архив": 1,
    "#царскаяроссия": 2,
    "#документ19века": 1,
    "#грамота": 1,
    "#дворянскаяграмота": 1,
    "#антикварныйдокумент": 1,
    "#автограф": 1,
    "#коллекционныйавтограф": 1,
    "#миклашевский": 1,
    "#старинноеевангелие": 1,
    "#православие": 1,
    "#родословная": 1,
    "#евангелие": 1,
    "#евангелие19век": 1,
    "#библия": 1,
    "#библия19век": 1,
    "#религия": 1,
    "#вера": 1,
    "#россия19век": 1,
    "#учебнаялитература": 1,
    "#собраниесочинений": 1,
    "#стариннаякнига": 3,
    "#книга": 2,
    "#антикварнаякнига": 3,
    "#выращиваниецветов": 1,
    "#антикварныймагазин": 2,
    "#журнал": 1,
    "#знаниедлявсех": 1,
    "#детскаялитература": 1,
    "#старинныйжурнал": 1,
    "#старыйжурнал": 1,
    "#петроград": 1,
    "#вестник": 1,
    "#знания": 1,
    "#подарочноеиздание": 1,
    "#ленинград": 1,
    "#авиация": 1,
    "#энциклопедия": 2,
    "#сельскоехозяйство": 1,
    "#букинистикассср": 1,
    "#до1940": 1,
    "#довоенная": 1,
    "#классика": 1,
    "#русскиеписатели": 1,
    "#академия": 1,
    "#книгаподарок": 1,
    "#букинист": 1,
    "#ларингоскопия": 1,
    "#медецина": 1,
    "#книгапомедицине": 1,
    "#медицина19век": 1,
    "#врач": 1,
    "#подарокврачу": 1,
    "#отиатрия": 1,
    "#коллекция": 1,
    "#антиквариатмосква": 3,
    "#лечение": 1,
    "#студентам": 1,
    "#медикам": 1,
    "#справочник": 1,
    "#учебник": 1,
    "#история": 2,
    "#техника": 1,
    "#старыекниги": 1,
    "#биология": 1,
    "#русскаякнига": 1,
    "#антикварныйподарок": 1,
    "#фолиант": 1,
    "#старинный": 1,
    "#редкаякнига": 2,
    "#подарок": 1,
    "#антикторг": 1,
    "#коллекционнаякнига": 1,
    "#book": 1,
    "#раритет": 1,
    "#винтаж": 1,
    "#блошинныйрынок": 1,
    "#архитектура": 1,
    "#петербург": 1,
    "#путеводитель": 1,
    "#букинистика": 2,
    "#санктпетербург": 1,
    "#россиядо1917года": 1,
    "#старинныекниги": 1,
    "#оригинал": 1,
    "#стараякнига": 1,
    "#курбатов": 1,
    "#театр": 1,
    "#литература": 2,
    "#историческийочерк": 1,
    "#путеводительпосанктпетербургу": 1,
    "#география": 1,
    "#научнаялитература": 1,
    "#издательствоакадемия": 1,
    "#альманах": 1,
    "#старыйальманах": 1,
    "#антикварныйжурнал": 1,
    "#антикварныйальманах": 1
  },
  "collection_methods": {
    "wall.search": 5
  },
  "date_range": {
    "min_date": 1649888418,
    "max_date": 1681900005,
    "min_date_readable": "2022-04-14",
    "max_date_readable": "2023-04-19"
  }
}