post_id,owner_id,date,text,likes,reposts,comments,hashtags,search_hashtag,method
234933,-21758,1649888418,"🇫🇷И снова 1968й год : после поражения Меланшона, который не смог выйти во второй тур президентских выборов во Франции, 400 антифа и студентов оккупировали Сорбонну (исторические здания) и расписали стены лозунгами антифа. Во Франции и в западных странах, для справки, антифа спонсируются Соросом и прочими фондами, и считаются ультралевыми, но заправляют там часто дети обеспеченных классов, которые могут себе позволить быть ""вечными студентами"". В некоторых случаях есть также антифа, близкие к исламистам (север Парижа, Гренобль). Ещё оккупирован филиал Sciences Po (аналог ВШЭ) в Нанси и новые здания École Normale Supérieure (элитная высшая школа литераторов, тоже полно леваков и защитников гендерных исследований) в Париже на бульваре Журдан. К движению обещали присоединится факультет Ренн 2 (костяк антифа/леваков 300 человек), где уже сегодня группа из них набросилась на студентов из консервативного профсоюза UNI. Посмотрим, что будет делать Дарманен, это вам не разоблачение русских шпионов в Твиттере, и при таких эксцессах антифа рейтинг Марин Ле Пен будет расти как на дрожжах. В общественном сознании она ассоциируется с наведением порядка во Франции, где всё дозволено мигрантам и левакам, а обычных французов облагают большими штрафами за нарушение ПДД и когда не носят маски в поездах. В то же время для молодых, которые голосовали за Меланшона, их голоса были в очередной раз украдены и их протест аннулирован в пользу выигрышного для Макрона и системы противостояния с Марин Ле Пен, которые не позволит поднять тему стремительного обеднения и деклассирования во Франции с начала пандемии, несмотря на многомиллиардные гос-субсидии. [#alias| #криминал #протест #антифа #политика #Сорбонна #Париж @fifthrepublic : свобода, равенство, пьянство",0,0,0,"['#alias', '#криминал', '#протест', '#антифа', '#политика', '#сорбонна', '#париж']",политика,wall.search
56423,-126188511,1661251464,"/ О текущем. / 22.08.2022 г. Сразу к делу. Во всех материалах под условным названием ""всё пропало"" звучит когда рефреном, часто прямо и явственно одно: хамство в отношении Руководящего Состава. Никогда не понимала и не принимала в публичной деятельности одного - когда люди переходят на откровенное хамство. Хамил в своё время и Навальный, откровенно, нагло хамил. Чем кончилось ? - Полагаю, что с точки зрения условно говоря ""кармы"", справедливо кончилось тем, что человек сидит, и надолго человек сел, и справедливо сел. Гордыня - причина хамства во многих ситуациях, эту гордыню и непомерные амбиции, из которых и произрастает хамство как способ коммуникации и выражения, могут брать в оборот те, кто заинтересован в том, чтобы Россия перестала существовать как государство и как страна. Государство - аппарат управления. Смута - потеря контроля и драчка за ""Золото Партии"", всё это было в истории не так давно. Мне повторение 91-го вкупе с 93-м НЕ нужно абсолютно. Часто те, кто хамит в адрес Командования, любят свои речи приправить тем, что произносят свои речи они именно ""во избежание смуты"", и далее вовсе не переходят в тональность, которой принято разговаривать в обществе так, чтоб с тобой хотели разговаривать, нет, они продолжают, как я это вижу и слышу, откровенно хамить в адрес Командного Состава. Ребята, хамством в адрес Командования смуту НЕ предотвращают, так её приближают, провоцируя негатив у населения по отношению к Руководящему Составу в то время, когда население должно находиться психологически в уравновешенном состоянии. Есть принцип, он у врачей, суть его проста и всем известна: "" НЕ навреди. "" Я - не врач. Но, крайние полгода стараюсь придерживаться именно этого принципа. Борьба элит - естественный процесс эпохи перемен. Но, есть неизбежный исторический прогресс, а бывает подзуженная кем-либо психологическая разболтанность, которая может разрушить и фундамент. Почему написала этот текст ? Потому, что: Когда Устойчиво Государство - Устойчива Страна. Особенно это актуально во времена мировых катаклизмов. Устойчивость РОССИИ вижу в обеспечении БАЛАНСА системы управления внутри РОССИИ, и ПСИХОЛОГИЧЕСКИ УРАВНОВЕШЕННОГО состояния гражданского общества внутри страны. / 22.08.2022 г. / Елена Пржевальская (Алена Морозова) #Политика #Общество #Россия",0,0,0,"['#политика', '#общество', '#россия']",политика,wall.search
55874,-126188511,1654690906,"[#alias|vk.com/id357215350?z=video-...| Эксклюзивная правда политзаключенных о Деле мародеров! Общеизвестно, что ежедневно олигархические, карманные, провластные СМИ кормят вас ложью и полуправдой о ситуации в России и мире. И региональные, и федеральные СМИ вылили немало клеветы и откровенной лжи на политузников — фигурантов Дела мародеров Айдара Камалетдинова, Александра Кузнецова, Геннадия Казанцева. Сегодня вы можете узнать все как есть в этом деле из первых рук — от самих политзаключенных. Как грубо сфабриковано это дело? Почему ""потерпевшими"" названы настоящие мародеры? Как следствие фальсифицировало доказательства? Почему это дело политический заказ? Как пытали и морально прессовали политзаключенных оперативники самарского центра противодействия экстремизму? Оказывается ли необходимая медицинская помощь? Чем помочь и как сейчас можно поддержать политзаключенных? Это и много другое в первом за год после ареста интервью с политзаключенными: Айдаром Камалетдиновым, Александром Кузнецовым и Геннадием Казанцевым. #ДелоМародеров #политзаключенные #Самара #интервью #СвободуЧестным #репрессии #МВД #фальсификация #политика",0,0,0,"['#alias', '#деломародеров', '#политзаключенные', '#самара', '#интервью', '#свободучестным', '#репрессии', '#мвд', '#фальсификация', '#политика']",политика,wall.search
72995,-20877773,1681900005,Набиуллина - ЗА ДЕНЬГИ ДА😎 #тнт #shorts #юмор #камеди #маринакравец #политика #заденьгида,2,0,0,"['#тнт', '#shorts', '#юмор', '#камеди', '#маринакравец', '#политика', '#заденьгида']",политика,wall.search
4220798,-15908640,1670582046,"Грамота. Черниговской Губернии от Губернского Предводителя Дворянства и Уездных Дворянских Депутатов, собранных для составления Дворянской Родословной Книги, данная Дворянину чиновнику 12 – го класса с женою и детьми их, Миклашевскому Степану Степановичу. Грамота о внесении в Дворянскую Родословную Черниговской Губернии Книгу. Хорошее состояние. Цена 150000 рублей. Лот находится в открытой продаже и может быть снят в любой момент. #Дворянство #Русскоедворянство #документ #паспорт #похвальныйлист #редкость #антиквариат #коллекционирование #старинныйдокумент #архив #царскаяроссия #документ19века #грамота #дворянскаяграмота #антикварныйдокумент #автограф #коллекционныйавтограф #миклашевский #старинноеевангелие #православие #родословная #евангелие #евангелие19век #библия #библия19век #религия #вера #россия19век #учебнаялитература #собраниесочинений #стариннаякнига #книга #антикварнаякнига #выращиваниецветов #антикварныймагазин #журнал #знаниедлявсех #детскаялитература #старинныйжурнал #старыйжурнал #Петроград #Вестник #знания #подарочноеиздание #Ленинград #авиация #энциклопедия #сельскоехозяйство #букинистикаСССР #до1940 #довоенная #Энциклопедия #Классика #русскиеписатели #академия #книгаподарок #букинист #ларингоскопия #медецина #книгапомедицине #медицина19век #врач #подарокврачу #отиатрия #коллекция #антиквариатмосква #лечение #студентам #медикам #справочник #учебник #история #техника #старыекниги #биология #русскаякнига #антикварныйподарок #фолиант #книга #стариннаякнига #антикварнаякнига #антиквариат #старинный #редкаякнига #подарок #антикторг #антикварныймагазин #коллекционнаякнига #редкаякнига #book #раритет #винтаж #антиквариатмосква #блошинныйрынок #архитектура #Петербург #путеводитель #букинистика #стариннаякнига #ЦарскаяРоссия #история #Санктпетербург #коллекционирование #Россиядо1917года #политика #редкость #старинныекниги #оригинал #стараякнига #Курбатов #Россия #театр #литература #Историческийочерк #антикварнаякнига #путеводительпосанктпетербургу #букинистика #география #научнаялитература #литература #антиквариатмосква #издательствоакадемия #альманах #старыйальманах #антикварныйжурнал #антикварныйальманах",7,0,0,"['#дворянство', '#русскоедворянство', '#документ', '#паспорт', '#похвальныйлист', '#редкость', '#антиквариат', '#коллекционирование', '#старинныйдокумент', '#архив', '#царскаяроссия', '#документ19века', '#грамота', '#дворянскаяграмота', '#антикварныйдокумент', '#автограф', '#коллекционныйавтограф', '#миклашевский', '#старинноеевангелие', '#православие', '#родословная', '#евангелие', '#евангелие19век', '#библия', '#библия19век', '#религия', '#вера', '#россия19век', '#учебнаялитература', '#собраниесочинений', '#стариннаякнига', '#книга', '#антикварнаякнига', '#выращиваниецветов', '#антикварныймагазин', '#журнал', '#знаниедлявсех', '#детскаялитература', '#старинныйжурнал', '#старыйжурнал', '#петроград', '#вестник', '#знания', '#подарочноеиздание', '#ленинград', '#авиация', '#энциклопедия', '#сельскоехозяйство', '#букинистикассср', '#до1940', '#довоенная', '#энциклопедия', '#классика', '#русскиеписатели', '#академия', '#книгаподарок', '#букинист', '#ларингоскопия', '#медецина', '#книгапомедицине', '#медицина19век', '#врач', '#подарокврачу', '#отиатрия', '#коллекция', '#антиквариатмосква', '#лечение', '#студентам', '#медикам', '#справочник', '#учебник', '#история', '#техника', '#старыекниги', '#биология', '#русскаякнига', '#антикварныйподарок', '#фолиант', '#книга', '#стариннаякнига', '#антикварнаякнига', '#антиквариат', '#старинный', '#редкаякнига', '#подарок', '#антикторг', '#антикварныймагазин', '#коллекционнаякнига', '#редкаякнига', '#book', '#раритет', '#винтаж', '#антиквариатмосква', '#блошинныйрынок', '#архитектура', '#петербург', '#путеводитель', '#букинистика', '#стариннаякнига', '#царскаяроссия', '#история', '#санктпетербург', '#коллекционирование', '#россиядо1917года', '#политика', '#редкость', '#старинныекниги', '#оригинал', '#стараякнига', '#курбатов', '#россия', '#театр', '#литература', '#историческийочерк', '#антикварнаякнига', '#путеводительпосанктпетербургу', '#букинистика', '#география', '#научнаялитература', '#литература', '#антиквариатмосква', '#издательствоакадемия', '#альманах', '#старыйальманах', '#антикварныйжурнал', '#антикварныйальманах']",политика,wall.search
