{
  "total_posts": 162,
  "avg_text_length": 1301.3456790123457,
  "hashtags_distribution": {
    "#alias": 51,
    "#криминал": 1,
    "#протест": 1,
    "#антифа": 1,
    "#политика": 5,
    "#сорбонна": 1,
    "#париж": 1,
    "#общество": 1,
    "#россия": 8,
    "#деломародеров": 1,
    "#политзаключенные": 1,
    "#самара": 1,
    "#интервью": 1,
    "#свободучестным": 1,
    "#репрессии": 1,
    "#мвд": 1,
    "#фальсификация": 1,
    "#тнт": 1,
    "#shorts": 1,
    "#юмор": 3,
    "#камеди": 1,
    "#маринакравец": 1,
    "#заденьгида": 1,
    "#дворянство": 1,
    "#русскоедворянство": 1,
    "#документ": 1,
    "#паспорт": 1,
    "#похвальныйлист": 1,
    "#редкость": 2,
    "#антиквариат": 2,
    "#коллекционирование": 2,
    "#старинныйдокумент": 1,
    "#архив": 1,
    "#царскаяроссия": 2,
    "#документ19века": 1,
    "#грамота": 1,
    "#дворянскаяграмота": 1,
    "#антикварныйдокумент": 1,
    "#автограф": 1,
    "#коллекционныйавтограф": 1,
    "#миклашевский": 1,
    "#старинноеевангелие": 1,
    "#православие": 1,
    "#родословная": 1,
    "#евангелие": 1,
    "#евангелие19век": 1,
    "#библия": 1,
    "#библия19век": 1,
    "#религия": 1,
    "#вера": 1,
    "#россия19век": 1,
    "#учебнаялитература": 1,
    "#собраниесочинений": 1,
    "#стариннаякнига": 3,
    "#книга": 2,
    "#антикварнаякнига": 3,
    "#выращиваниецветов": 1,
    "#антикварныймагазин": 2,
    "#журнал": 1,
    "#знаниедлявсех": 1,
    "#детскаялитература": 1,
    "#старинныйжурнал": 1,
    "#старыйжурнал": 1,
    "#петроград": 1,
    "#вестник": 1,
    "#знания": 1,
    "#подарочноеиздание": 1,
    "#ленинград": 1,
    "#авиация": 1,
    "#энциклопедия": 2,
    "#сельскоехозяйство": 1,
    "#букинистикассср": 1,
    "#до1940": 1,
    "#довоенная": 1,
    "#классика": 3,
    "#русскиеписатели": 1,
    "#академия": 1,
    "#книгаподарок": 1,
    "#букинист": 1,
    "#ларингоскопия": 1,
    "#медецина": 1,
    "#книгапомедицине": 1,
    "#медицина19век": 1,
    "#врач": 1,
    "#подарокврачу": 1,
    "#отиатрия": 1,
    "#коллекция": 10,
    "#антиквариатмосква": 3,
    "#лечение": 1,
    "#студентам": 1,
    "#медикам": 1,
    "#справочник": 1,
    "#учебник": 1,
    "#история": 9,
    "#техника": 2,
    "#старыекниги": 1,
    "#биология": 5,
    "#русскаякнига": 1,
    "#антикварныйподарок": 1,
    "#фолиант": 1,
    "#старинный": 1,
    "#редкаякнига": 2,
    "#подарок": 1,
    "#антикторг": 1,
    "#коллекционнаякнига": 1,
    "#book": 1,
    "#раритет": 1,
    "#винтаж": 1,
    "#блошинныйрынок": 1,
    "#архитектура": 1,
    "#петербург": 1,
    "#путеводитель": 1,
    "#букинистика": 2,
    "#санктпетербург": 1,
    "#россиядо1917года": 1,
    "#старинныекниги": 1,
    "#оригинал": 1,
    "#стараякнига": 1,
    "#курбатов": 1,
    "#театр": 1,
    "#литература": 34,
    "#историческийочерк": 1,
    "#путеводительпосанктпетербургу": 1,
    "#география": 1,
    "#научнаялитература": 1,
    "#издательствоакадемия": 1,
    "#альманах": 1,
    "#старыйальманах": 1,
    "#антикварныйжурнал": 1,
    "#антикварныйальманах": 1,
    "#наукаpro": 46,
    "#океанология": 1,
    "#эволюция": 3,
    "#фауна": 2,
    "#подводныймир": 1,
    "#чёрноеморе": 1,
    "#наука": 46,
    "#научпоп": 42,
    "#александрсолдатов": 1,
    "#советскийсоюз": 1,
    "#ссср": 2,
    "#александрбогданов": 1,
    "#советскаянаука": 1,
    "#переливаниекрови": 1,
    "#валерияслискова": 1,
    "#археология": 4,
    "#археолог": 1,
    "#краеведение": 1,
    "#азов": 1,
    "#ростовскаяобласть": 1,
    "#андремасловский": 1,
    "#вернадский": 1,
    "#педагогика": 1,
    "#воспитание": 1,
    "#просвещение": 1,
    "#ириначеркашина": 1,
    "#роспатент": 1,
    "#экспо2020": 1,
    "#expo2020": 1,
    "#expo": 1,
    "#дубай": 1,
    "#изобретения": 1,
    "#научпросвет": 31,
    "#савватеев": 12,
    "#алексейсавватеев": 12,
    "#математика": 16,
    "#математикапросто": 16,
    "#мывместе": 8,
    "#эвм": 1,
    "#компьютер": 1,
    "#компьютеры": 1,
    "#иринакрайнева": 1,
    "#1": 2,
    "#лекции": 1,
    "#познавательно": 1,
    "#атомнаяфизика": 1,
    "#квантоваямеханика": 1,
    "#квантоваяфизика": 1,
    "#физика": 4,
    "#атом": 1,
    "#ниифизики": 1,
    "#виталийбейлин": 1,
    "#химия": 6,
    "#запах": 1,
    "#запахи": 1,
    "#флейвористика": 4,
    "#сергейбелков": 4,
    "#палеонтология": 1,
    "#нейрология": 1,
    "#динозавры": 1,
    "#иванкузьмин": 1,
    "#астрономия": 10,
    "#астрофизика": 10,
    "#космос": 10,
    "#вселенная": 8,
    "#гаиш": 3,
    "#антонбирюков": 3,
    "#популяризациянауки": 2,
    "#сергейпопов": 3,
    "#галактики": 4,
    "#ольгасильченко": 4,
    "#чёрныедыры": 2,
    "#альпинанонфикшн": 2,
    "#розыгрыш": 2,
    "#книги": 33,
    "#антропология": 3,
    "#палеолит": 2,
    "#зоология": 1,
    "#евгениятимонова": 1,
    "#животные": 1,
    "#энтомология": 1,
    "#бабочки": 1,
    "#чешуекрылые": 1,
    "#александрполтавский": 1,
    "#открытые_дни_археологии": 2,
    "#античность": 1,
    "#боспор": 1,
    "#греки": 1,
    "#варвары": 1,
    "#александрбутягин": 1,
    "#мезолит": 1,
    "#каменныйвек": 2,
    "#еленалеонова": 1,
    "#занимательнаяматематика": 4,
    "#мехмат": 4,
    "#николайандреев": 4,
    "#дробышевский": 1,
    "#станиславдробышевский": 1,
    "#учёныескрывают": 1,
    "#пищевыедобавки": 1,
    "#популяризация": 1,
    "#магазинкерамики": 1,
    "#шоурумкерамики": 1,
    "#керамика": 2,
    "#керамикаручнойработы": 1,
    "#керамикароссии": 1,
    "#авторскаякерамика": 1,
    "#интерьернаякерамика": 1,
    "#глина": 1,
    "#искусство": 52,
    "#ручнаяработа": 1,
    "#художник": 33,
    "#дизайн": 4,
    "#дизайнинтерьера": 1,
    "#скульптура": 1,
    "#картина": 28,
    "#выставка": 1,
    "#ceramics": 1,
    "#ceramicsreview": 1,
    "#ceramicdesign": 1,
    "#ceramica": 1,
    "#ceramicartist": 1,
    "#ceramicsculpture": 1,
    "#4ceramics": 1,
    "#4ceramicsshowroom": 1,
    "#contemporary_art": 1,
    "#узлы": 1,
    "#rovoam_gallery": 32,
    "#арт": 13,
    "#modern_art": 23,
    "#графика": 27,
    "#рисование": 4,
    "#творчество": 12,
    "#гуашь": 1,
    "#роман_деркаченко": 15,
    "#рисунок": 16,
    "#kunst": 24,
    "#этюд": 4,
    "#живопись": 28,
    "#пейзаж": 9,
    "#кемер": 1,
    "#бельдиби": 1,
    "#art": 16,
    "#купить_картину": 3,
    "#поэзия": 5,
    "#стихи": 3,
    "#тунис": 3,
    "#tunisia": 1,
    "#аллегория": 3,
    "#шарж": 4,
    "#карикатура": 3,
    "#фольклор": 1,
    "#грибы": 2,
    "#грибник": 3,
    "#валентин_михалыч_павлов": 5,
    "#неуд": 1,
    "#байково": 4,
    "#тэль": 3,
    "#дача": 1,
    "#rovoamgallery": 8,
    "#портрет": 6,
    "#лицо": 1,
    "#слава_ракитский": 1,
    "#современное_искусство": 4,
    "#байково_тэль": 3,
    "#горьковское": 2,
    "#пастель": 2,
    "#михалыч": 1,
    "#повесть_грибною_тропой": 1,
    "#гриб": 1,
    "#пародия": 1,
    "#жизнь": 1,
    "#время": 1,
    "#проза": 2,
    "#акварель": 2,
    "#цвет": 1,
    "#абстракция": 3,
    "#грибною_тропой": 1,
    "#автор": 1,
    "#доминикана": 2,
    "#туризм": 1,
    "#купитькартину": 5,
    "#grandsirenispuntacana": 1,
    "#hotel_sirenis": 1,
    "#медина": 1,
    "#редкая_графика": 7,
    "#масляная_пастель": 2,
    "#балерина": 1,
    "#давидраувени": 1,
    "#ангел": 1,
    "#какао": 1,
    "#джиперскриперс": 1,
    "#ужас": 1,
    "#lamalinche": 1,
    "#mexico": 1,
    "#женщина": 1,
    "#диптих": 2,
    "#грибник_михалыч": 1,
    "#человек_на_грибе": 1,
    "#профессор_гигоиш": 1,
    "#тоша": 3,
    "#светлана_романовна_дрэмп": 1,
    "#аллегории": 2,
    "#италия": 1,
    "#миниатюра": 1,
    "#иносказание": 1,
    "#собрание": 3,
    "#антон_владимирович_деркаченко": 1,
    "#репино": 2,
    "#брат": 1,
    "#семейный_портрет": 2,
    "#портрет_тоши": 2,
    "#день_художника": 1,
    "#марина_александрова_гущенская": 1,
    "#арт_студия_дар_вдохновлённые_таланты": 1,
    "#поздравление": 1,
    "#марк_шагал": 2,
    "#ян_сер": 2,
    "#андеграунд": 1,
    "#улица_замшина": 2,
    "#холст_масло": 2,
    "#доктор_грельский": 5,
    "#произведение_искусства": 1,
    "#эдуард_шагеев": 1,
    "#интерьер": 2,
    "#прованс": 3,
    "#буфет": 1,
    "#виктория_моисеева": 1,
    "#анатолий_зверев": 1,
    "#подделка": 1,
    "#копия": 1,
    "#арт_бизнес": 1,
    "#арт_дизайн": 1,
    "#венеция": 1,
    "#арт_пространство": 1,
    "#квартира": 1,
    "#ремонт": 1,
    "#произведение": 2,
    "#замшина": 1,
    "#авиньонские_девицы": 1,
    "#пабло_пикассо": 1,
    "#барселона": 1,
    "#музей_пикассо": 1,
    "#копиверсия": 1,
    "#арт_рынок": 1,
    "#небо_над_португалией": 1,
    "#галерист": 1,
    "#санто_доминго": 1,
    "#национальный_дворец": 1,
    "#антонина_дмитриевна_рандер": 1,
    "#хутор": 1,
    "#художница": 1,
    "#осень_дождь_ветер": 1,
    "#худвк": 4,
    "#экспрессивный_абстракционизм": 1,
    "#питерский_художник": 1,
    "#александр_орлов": 1,
    "#блюдо": 1,
    "#роспись": 1,
    "#комарья_спина": 1,
    "#грибничий": 1,
    "#грибничара": 1,
    "#лес": 1,
    "#продажакартин": 2,
    "#карелия": 1,
    "#турция": 2,
    "#kemer": 2,
    "#beldibi": 2,
    "#landscape": 1,
    "#частное_собрание": 1,
    "#анималистика": 2,
    "#гаррипоттер": 1,
    "#поэма": 1,
    "#лирика": 1,
    "#antalya": 1,
    "#turkiye": 1,
    "#marina_nemtsova": 1,
    "#nemarina": 1,
    "#авангард": 1,
    "#бестселлер": 3,
    "#детектив": 5,
    "#триллер": 1,
    "#книгагода": 1,
    "#электроннаябуква": 3,
    "#электроннаябуква2023": 1,
    "#новинка": 9,
    "#поэззия": 1,
    "#саморазвитие": 1,
    "#самопознание": 1,
    "#этоинтересно": 7,
    "#литрес": 5,
    "#столеттомувперед": 1,
    "#булычев": 1,
    "#аудиокниги": 7,
    "#дата": 11,
    "#факт": 6,
    "#устинова": 1,
    "#татьянаустинова": 1,
    "#подборка": 8,
    "#чтопочитать": 14,
    "#цитата": 2,
    "#шарлоттабронте": 1,
    "#триллеры": 1,
    "#ужасы": 1,
    "#аудио": 1,
    "#воскресение": 1,
    "#толстой": 1,
    "#анонимус": 1,
    "#5причинпрочесть": 1,
    "#космонавтика": 1,
    "#денькосмонавтики": 1,
    "#поехали": 1,
    "#мистика": 1,
    "#фантастика": 3,
    "#ганнибал": 1,
    "#кино": 1,
    "#чтопосмотреть": 1,
    "#вечернийкинопоказ": 1,
    "#лукьяненко": 1,
    "#сергейлукьяненко": 1,
    "#мессиядюны": 1,
    "#герберт": 2,
    "#новость": 1,
    "#звездныевойны": 1,
    "#естьчтопоесть": 1,
    "#расследования": 1,
    "#мотивация": 1,
    "#роберткийосаки": 1,
    "#цитаты": 3,
    "#артурхейли": 1,
    "#аленашвец": 1,
    "#лолита": 1,
    "#набоков": 1,
    "#аудиокнига": 1,
    "#детскиекниги": 1,
    "#гоголь": 1,
    "#мертвыедуши": 1,
    "#дети": 1,
    "#корнейчуковский": 1,
    "#чуковский": 1,
    "#детективы": 1,
    "#юнесбе": 1,
    "#максимгорький": 1,
    "#дюна": 1,
    "#бакман": 1,
    "#фредрикбакман": 1,
    "#медвежийугол": 1,
    "#мышцы": 1,
    "#спорт": 27,
    "#здоровье": 2,
    "#восстановление": 1,
    "#спортивнаямедицина": 4,
    "#ростмышц": 4,
    "#мышцырастут": 3,
    "#vkfootball": 7,
    "#футбол": 7,
    "#блогер": 4,
    "#чемпионат": 3,
    "#спартак": 1,
    "#динамо": 1,
    "#краснаяпресня": 1,
    "#старостин": 1,
    "#москва": 2,
    "#матчтв": 4,
    "#футбольныйрезерв": 7,
    "#родниковвлад": 5,
    "#михаилбутусов": 1,
    "#отецроссийскогофутбола": 1,
    "#дюперрон": 1,
    "#11": 1,
    "#ligabloggerscup": 1,
    "#лужники": 1,
    "#площадкаподмостом": 1,
    "#2drots": 1,
    "#родинамедиа": 1,
    "#текила": 1,
    "#литвин": 1,
    "#сахалинец": 1,
    "#крап": 1,
    "#медиафутбол": 1,
    "#амкал": 1,
    "#нечай": 1,
    "#фкденьги": 1,
    "#фкрома": 1,
    "#медиалига": 2,
    "#лигаставок": 1,
    "#мфл": 1,
    "#10": 1,
    "#кубокигоряакиефеева": 1,
    "#бронницы": 1,
    "#детскийфутбол": 1,
    "#странафутбола": 1,
    "#8": 1,
    "#фккатюша": 1,
    "#блогеры": 1,
    "#футболроссии": 1,
    "#нашфутбол": 2,
    "#движениетольковверх": 1,
    "#владродников": 1,
    "#питание": 1,
    "#4": 1,
    "#любительскаялига": 1,
    "#любительскийфутбол": 1,
    "#ростов": 1,
    "#краснодар": 1,
    "#будущее": 1,
    "#evo": 1,
    "#топ": 1,
    "#актуальное": 1,
    "#упражнения": 1,
    "#alexfitness": 13,
    "#неостанавливайся": 13,
    "#фитнес": 4,
    "#alexfitness_работа": 1,
    "#поравзал": 5,
    "#поравзалуп": 1,
    "#alexfitness_питание": 1
  },
  "collection_methods": {
    "wall.search": 162
  },
  "date_range": {
    "min_date": 1645866092,
    "max_date": 1714151774,
    "min_date_readable": "2022-02-26",
    "max_date_readable": "2024-04-26"
  }
}