{
  "total_posts": 52,
  "avg_text_length": 1957.0192307692307,
  "hashtags_distribution": {
    "#alias": 1,
    "#магазинкерамики": 1,
    "#шоурумкерамики": 1,
    "#керамика": 2,
    "#керамикаручнойработы": 1,
    "#керамикароссии": 1,
    "#авторскаякерамика": 1,
    "#интерьернаякерамика": 1,
    "#глина": 1,
    "#искусство": 52,
    "#ручнаяработа": 1,
    "#художник": 33,
    "#дизайн": 4,
    "#дизайнинтерьера": 1,
    "#скульптура": 1,
    "#картина": 28,
    "#выставка": 1,
    "#ceramics": 1,
    "#ceramicsreview": 1,
    "#ceramicdesign": 1,
    "#ceramica": 1,
    "#ceramicartist": 1,
    "#ceramicsculpture": 1,
    "#4ceramics": 1,
    "#4ceramicsshowroom": 1,
    "#contemporary_art": 1,
    "#узлы": 1,
    "#rovoam_gallery": 32,
    "#арт": 13,
    "#modern_art": 23,
    "#графика": 27,
    "#рисование": 4,
    "#творчество": 12,
    "#гуашь": 1,
    "#роман_деркаченко": 15,
    "#рисунок": 16,
    "#kunst": 24,
    "#этюд": 4,
    "#живопись": 28,
    "#пейзаж": 9,
    "#кемер": 1,
    "#бельдиби": 1,
    "#art": 16,
    "#купить_картину": 3,
    "#коллекция": 9,
    "#поэзия": 5,
    "#стихи": 3,
    "#тунис": 3,
    "#tunisia": 1,
    "#юмор": 2,
    "#аллегория": 3,
    "#шарж": 4,
    "#карикатура": 3,
    "#фольклор": 1,
    "#грибы": 2,
    "#грибник": 3,
    "#валентин_михалыч_павлов": 5,
    "#неуд": 1,
    "#байково": 4,
    "#тэль": 3,
    "#дача": 1,
    "#rovoamgallery": 8,
    "#портрет": 6,
    "#лицо": 1,
    "#слава_ракитский": 1,
    "#современное_искусство": 4,
    "#байково_тэль": 3,
    "#горьковское": 2,
    "#пастель": 2,
    "#михалыч": 1,
    "#повесть_грибною_тропой": 1,
    "#гриб": 1,
    "#пародия": 1,
    "#жизнь": 1,
    "#время": 1,
    "#проза": 1,
    "#акварель": 2,
    "#цвет": 1,
    "#абстракция": 3,
    "#грибною_тропой": 1,
    "#история": 2,
    "#автор": 1,
    "#доминикана": 2,
    "#туризм": 1,
    "#купитькартину": 5,
    "#grandsirenispuntacana": 1,
    "#hotel_sirenis": 1,
    "#медина": 1,
    "#редкая_графика": 7,
    "#масляная_пастель": 2,
    "#балерина": 1,
    "#давидраувени": 1,
    "#ангел": 1,
    "#какао": 1,
    "#джиперскриперс": 1,
    "#ужас": 1,
    "#lamalinche": 1,
    "#mexico": 1,
    "#женщина": 1,
    "#диптих": 2,
    "#грибник_михалыч": 1,
    "#человек_на_грибе": 1,
    "#профессор_гигоиш": 1,
    "#тоша": 3,
    "#светлана_романовна_дрэмп": 1,
    "#аллегории": 2,
    "#италия": 1,
    "#миниатюра": 1,
    "#иносказание": 1,
    "#собрание": 3,
    "#антон_владимирович_деркаченко": 1,
    "#репино": 2,
    "#брат": 1,
    "#семейный_портрет": 2,
    "#портрет_тоши": 2,
    "#день_художника": 1,
    "#марина_александрова_гущенская": 1,
    "#арт_студия_дар_вдохновлённые_таланты": 1,
    "#поздравление": 1,
    "#марк_шагал": 2,
    "#ян_сер": 2,
    "#андеграунд": 1,
    "#улица_замшина": 2,
    "#холст_масло": 2,
    "#доктор_грельский": 5,
    "#произведение_искусства": 1,
    "#эдуард_шагеев": 1,
    "#интерьер": 2,
    "#прованс": 3,
    "#буфет": 1,
    "#виктория_моисеева": 1,
    "#анатолий_зверев": 1,
    "#подделка": 1,
    "#копия": 1,
    "#арт_бизнес": 1,
    "#арт_дизайн": 1,
    "#венеция": 1,
    "#арт_пространство": 1,
    "#квартира": 1,
    "#ремонт": 1,
    "#произведение": 2,
    "#замшина": 1,
    "#авиньонские_девицы": 1,
    "#пабло_пикассо": 1,
    "#барселона": 1,
    "#музей_пикассо": 1,
    "#копиверсия": 1,
    "#арт_рынок": 1,
    "#небо_над_португалией": 1,
    "#галерист": 1,
    "#санто_доминго": 1,
    "#национальный_дворец": 1,
    "#антонина_дмитриевна_рандер": 1,
    "#хутор": 1,
    "#художница": 1,
    "#осень_дождь_ветер": 1,
    "#худвк": 4,
    "#экспрессивный_абстракционизм": 1,
    "#питерский_художник": 1,
    "#александр_орлов": 1,
    "#блюдо": 1,
    "#роспись": 1,
    "#комарья_спина": 1,
    "#грибничий": 1,
    "#грибничара": 1,
    "#лес": 1,
    "#продажакартин": 2,
    "#карелия": 1,
    "#турция": 2,
    "#kemer": 2,
    "#beldibi": 2,
    "#landscape": 1,
    "#частное_собрание": 1,
    "#анималистика": 2,
    "#гаррипоттер": 1,
    "#поэма": 1,
    "#лирика": 1,
    "#antalya": 1,
    "#turkiye": 1,
    "#marina_nemtsova": 1,
    "#nemarina": 1,
    "#авангард": 1
  },
  "collection_methods": {
    "wall.search": 52
  },
  "date_range": {
    "min_date": 1647536580,
    "max_date": 1713925459,
    "min_date_readable": "2022-03-17",
    "max_date_readable": "2024-04-24"
  }
}