post_id,owner_id,date,text,likes,reposts,comments,hashtags,search_hashtag,method
302585,-23482323,1714151774,"«Сирены Амая» Николая Ободникова — остросюжетный детектив о попытках следственной группы положить конец бесчеловечным экспериментам, происходящим на острове Сирены Амая, который оказывается воплощением самого Дьявола. На берегу Онежской губы находят ритуально изуродованный женский труп. Следственная группа выехала на безлюдный остров Сирены Амая, чтобы разобраться в произошедшем. Им предстоит столкнуться лицом к лицу с сектантами, преодолеть безжалостные ритуальные обряды и выбраться из логова Сатаны живыми. Рассказываем, почему стоит прочесть книгу 📝 «Сирены Амая» на Литрес: [#alias| Аудиоверсия (читает Юрий Несговоров): [#alias| #бестселлер@mylitres #книги #литература #детектив #триллер #книгагода #электроннаябуква #электроннаябуква2023",72,8,9,"['#alias', '#alias', '#бестселлер', '#книги', '#литература', '#детектив', '#триллер', '#книгагода', '#электроннаябуква', '#электроннаябуква2023']",литература,wall.search
302523,-23482323,1714060822,"«Любовь и кофе» ─ это первый в мире курс «стихокофетерапии», который приглашает читателей и слушателей на свидание с самим собой 🌟 Стихи Татьяны впервые собраны в одно издание, которое оказывает настоящий терапевтический эффект. Заряжает энергией, настраивает на новый день или важный разговор, а главное ─ дает возможность почувствовать в себе силы и желание жить. Обволакивая нежностью, раззадоривая страстью, вызывая то смех, то слезы, эти строки помогут отыскать кнопку самоисцеления в душе. Листайте карусель и читайте 5 причин ознакомиться с новинкой 📝 «Любовь и кофе» на Литрес: [#alias| Аудиоверсия (в озвучке автора!): [#alias| #новинка@mylitres #поэззия #саморазвитие #самопознание #литература #книги #этоинтересно",49,1,4,"['#alias', '#alias', '#новинка', '#поэззия', '#саморазвитие', '#самопознание', '#литература', '#книги', '#этоинтересно']",литература,wall.search
302266,-23482323,1713959160,"«Сто лет тому вперед» – повесть Кира Булычёва из цикла об Алисе Селезнёвой. Книга расскажет о головокружительных приключения шестиклассника Коли Наумова в XXI столетии! Как вы думаете, почему именно повесть «Сто лет тому вперёд» так привлекла читательскую аудиторию и кинематографистов? Скидка 20% и 2 книги из подборки в подарок по промокоду longapr20 #литрес #столеттомувперед #булычев #литература #книги #аудиокниги",47,4,5,"['#литрес', '#столеттомувперед', '#булычев', '#литература', '#книги', '#аудиокниги']",литература,wall.search
301914,-23482323,1713720016,"Сегодня празднует день рождения Татьяна Устинова — одна из самых ярких российских писательниц, сценаристка, переводчица и радиоведущая 👍 Романы Татьяны — это всегда литературное мастерство, безупречный стиль, фирменное чувство юмора, головокружительные сюжетные виражи и вечные жизненные ценности. Ко дню рождения писательницы рассказываем 5 интересных фактов из её биографии ✏ Ко дню рождения Татьяны Устиновой! –35% на любимые детективы 👉 [#alias| #дата@mylitres #факт #книги #литература #устинова #татьянаустинова #этоинтересно Erid: LjN8KA6Qp Реклама. ООО «ЛитРес», ИНН 7719571260",90,4,7,"['#alias', '#дата', '#факт', '#книги', '#литература', '#устинова', '#татьянаустинова', '#этоинтересно']",литература,wall.search
301909,-23482323,1713707120,Рассказываем о самых интересных книжных новинках последних двух недель 🌟 [#alias| #подборка@mylitres #новинка@mylitres #чтопочитать #книги #литература,65,4,8,"['#alias', '#подборка', '#новинка', '#чтопочитать', '#книги', '#литература']",литература,wall.search
301897,-23482323,1713682880,"21 апреля 1816 года родилась британская поэтесса и романистка Шарлотта Бронте, одна из ярчайших представительниц английского романтизма и реализма. Ко дню рождения одной из основоположниц феминисткой литературы мы собрали несколько проницательных цитат из произведений Шарлотты 📝 Книги писательницы на Литрес: [#alias| #дата@mylitres #цитата #книги #литература #шарлоттабронте #классика",73,11,7,"['#alias', '#дата', '#цитата', '#книги', '#литература', '#шарлоттабронте', '#классика']",литература,wall.search
300744,-23482323,1713367097,"Мы собрали аудиокниги, которые напугают даже самых ярых поклонников триллеров. Подумайте несколько раз, прежде чем слушать их ночью 🙀 [#alias| #подборка@mylitres #аудиокниги #книги #литература #триллеры #ужасы #аудио",114,22,13,"['#alias', '#подборка', '#аудиокниги', '#книги', '#литература', '#триллеры', '#ужасы', '#аудио']",литература,wall.search
300596,-23482323,1713352440,"«Воскресение» –последний роман Льва Толстого. Книга оказалась в числе произведений, за которые писатель был отлучен от Церкви. История князя Нехлюдова и его мучительной переоценки жизненных ценностей поучительна для каждого. Скидка 20% и 2 книги из подборки в подарок по промокоду longapr20 #литрес #воскресение #толстой #литература #книги #аудиокниги",90,4,6,"['#литрес', '#воскресение', '#толстой', '#литература', '#книги', '#аудиокниги']",литература,wall.search
300216,-23482323,1713266228,"Состоялся релиз нового романа в рамках проекта «АНОНИМУС»! Напоминаем, что в него входят детективные романы, связанные между собой главными героями и сюжетной линией. Авторство этой серии будет раскрыто лишь после издания завершающей книги! У майора МЧС и по совместительству друга старшего следователя Волина – Юрия Варламова пропадает отец. Чтобы найти его, друзьям придется заглянуть в прошлое, в частности, познакомиться с судьбой учителя Варламова-старшего Андрея Ивановича Мазура. Делимся 5 причинами прочесть новинку 📝 «Выжига, или Золотое руно судьбы» на Литрес: [#alias| Книга доступна эксклюзивно в ЛитРес: Абонементе. #новинка@mylitres #книги #литература #чтопочитать #анонимус #детектив #этоинтересно #5причинпрочесть",57,2,6,"['#alias', '#новинка', '#книги', '#литература', '#чтопочитать', '#анонимус', '#детектив', '#этоинтересно', '#5причинпрочесть']",литература,wall.search
297709,-23482323,1712927778,"12 апреля 1961 года на космическом корабле «Восток-1» Юрий Гагарин совершил первый в истории человечества полет в космос. Полет в космическом пространстве продлился 108 минут, а фраза Гагарина «Поехали!», произнесенная на старте, стала своеобразным символом новой, космической эры развития человечества 🌟 С 1962 года в СССР отмечали День космонавтики, а в 2011 году на Генеральной Ассамблее ООН было принято решение ежегодно отмечать 12 апреля Международный день полета человека в космос 🚀 О космосе написано сотни, если не тысячи, книг и еще столько же напишут. Но как найти в этой огромной «космической» библиотеке нескучные, понятные и захватывающие книги? В этом вам поможет наша подборка 😊 [#alias| #подборка@mylitres #книги #литература #чтопочитать #космонавтика #денькосмонавтики #космос #поехали",105,4,7,"['#alias', '#подборка', '#книги', '#литература', '#чтопочитать', '#космонавтика', '#денькосмонавтики', '#космос', '#поехали']",литература,wall.search
297501,-23482323,1712863336,"«Бездна» Карины Финкель — роман о дружбе и отчаянном желании докопаться до истины. Когда на плечи молодой девушки падает задача спасти мир от поглощения, начинается захватывающее путешествие сквозь тайны, опасности и жертвы, которые героиня готова принести. Сможете ли вы сопереживать ей в этой невероятной истории? Молодая журналистка пытается найти свою пропавшую подругу, которая состояла в загадочной секте московских ученых. В ходе научного эксперимента они нечаянно проломили проход в таинственный параллельный мир — Бездну. Девушка начинает расследование и сама сталкивается с этим загадочным местом, которое манит и гипнотизирует всех, кто хотя бы раз взглянет туда. Она должна разгадать тайну Бездны и найти подругу. Вот 5 причин прочитать мистический роман 📝 «Бездна» Карины Финкель на Литрес: [#alias| Аудиокнига (читают Павел Краб, Анастасия Ворохова): [#alias| #бестселлер@mylitres #книги #литература #электроннаябуква #чтопочитать #мистика #фантастика",79,3,7,"['#alias', '#alias', '#бестселлер', '#книги', '#литература', '#электроннаябуква', '#чтопочитать', '#мистика', '#фантастика']",литература,wall.search
297456,-23482323,1712856034,"11 апреля 1940 года в Джексоне, штат Теннесси, родился Томас Харрис — гений остросюжетного романа. Делимся фактами о писателе, чьи романы точно займут достойное место на книжной полке любителей триллеров, саспенса и психологического романа 🌟 Писатель известен своей способностью создавать чудовищ, в которых нет ничего мифического или сверхъестественного. Это обыкновенные люди, больше похожие на ваших соседей, чем на вымышленных персонажей! Рассказываем про самого известного персонажа Харриса – Ганнибала Лектера 😈 Книги Томаса Харриса на Литрес: [#alias| #дата@mylitres #литература #ганнибал #чтопочитать #книги #этоинтересно",110,7,9,"['#alias', '#дата', '#литература', '#ганнибал', '#чтопочитать', '#книги', '#этоинтересно']",литература,wall.search
297351,-23482323,1712834071,"Сегодня свой 55-й день рождения празднует Сергей Лукьяненко — российский фантаст, автор одного из самых известных циклов в жанре городского фэнтези — вселенной «Дозоров». Об экранизациях романов Лукьяненко всегда ходило много слухов и разговоров, но пока руки кинематографистов дотянулись только до четырех его книг. В подборке рассказываем о фильмах, снятых по романам Сергея! Подборка лучших книг мастера фантастики к юбилею: [#alias| #дата@mylitres #факт #литература #книги #фантастика #кино #чтопосмотреть #вечернийкинопоказ #лукьяненко #сергейлукьяненко",122,4,22,"['#alias', '#дата', '#факт', '#литература', '#книги', '#фантастика', '#кино', '#чтопосмотреть', '#вечернийкинопоказ', '#лукьяненко', '#сергейлукьяненко']",литература,wall.search
297044,-23482323,1712765002,"В подборке собрали 9 релизов марта, на которые точно стоит обратить внимание 📚 [#alias| #подборка@mylitres #чтопочитать #книги #литература #новинка",117,12,6,"['#alias', '#подборка', '#чтопочитать', '#книги', '#литература', '#новинка']",литература,wall.search
296828,-23482323,1712746980,"«Мессия Дюны» –вторая книга культового сериала Фрэнка Герберта. В стане недовольных политикой Пауля Атрейдеса, императора всей известной Вселенной, зреет заговор. Скидка 20% и 2 книги из подборки в подарок по промокоду longapr20 #литрес #мессиядюны #герберт #литература #книги #аудиокниги",77,4,4,"['#литрес', '#мессиядюны', '#герберт', '#литература', '#книги', '#аудиокниги']",литература,wall.search
296754,-23482323,1712733033,"Lucasfilm выпустит голубое молоко из «Звездных войн»! «The Star Wars TruMoo Blue Milk» — это «восхитительное молоко со вкусом ванили», в которое добавили голубой пищевой краситель, следует из описания. Продукт появится на прилавках американских магазинов 17 апреля 🥛 В честь скорого выхода голубого молока вспоминаем самые известные и вкусные блюда со страниц любимых книг! Любимые пирожные Сансы Старк, волшебные оладушки Муми-мамы, сливочное пиво из Гарри Поттера, шведские тефтельки Карлсона и не только 😉 #факт@mylitres #новость #звездныевойны #этоинтересно #естьчтопоесть #книги #литература",102,8,8,"['#факт', '#новость', '#звездныевойны', '#этоинтересно', '#естьчтопоесть', '#книги', '#литература']",литература,wall.search
296722,-23482323,1712683216,"Настал тот день, когда инспектор Ашвин Чопра, скрепя сердце, уходит в отставку… Но вот незадача: теперь его окружает еще больше загадок! Этот уютный и забавный детектив перенесет вас прямиком в жаркий, колоритный Мумбаи – где по улицам бродят слоны, а из окон доносится пряный запах специй 🔎 Рассказываем, почему стоит прочесть новинку 📝 «Неожиданное наследство инспектора Чопры» на Литрес: [#alias| Аудиоверсия (читает Алексей Багдасаров): [#alias| #новинка@mylitres #детектив #расследования #чтопочитать #литература #книги",58,2,3,"['#alias', '#alias', '#новинка', '#детектив', '#расследования', '#чтопочитать', '#литература', '#книги']",литература,wall.search
296686,-23482323,1712600537,"В школе нас учили не тому, как стать финансово успешным, процветающим и независимым человеком, а тому, чтобы не выделяться из толпы, быть как все. Мы зубрили математические, физические и химические формулы и теоремы. Но как они пригодились нам в жизни? 🤔 Бестселлер Роберта Кийосаки раскроет каждому читателю принципы и законы успеха, материальной независимости. Этому вряд ли научат в школе, колледже и даже в университете. А все из-за того, что педагоги сами не знают этих секретов 📖 В день рождения Роберта Кийосаки мы собрали самые яркие и, на наш взгляд, полезные цитаты из пособия «Богатый папа, бедный папа» [#alias| 📝 #дата@mylitres #книги #литература #мотивация #роберткийосаки #цитаты",66,5,5,"['#alias', '#дата', '#книги', '#литература', '#мотивация', '#роберткийосаки', '#цитаты']",литература,wall.search
296596,-23482323,1712503102,Рассказываем о самых интересных книжных релизах последних двух недель ❤️📚 [#alias| #подборка@mylitres #новинка@mylitres #книги #литература #чтопочитать,77,5,5,"['#alias', '#подборка', '#новинка', '#книги', '#литература', '#чтопочитать']",литература,wall.search
296489,-23482323,1712330300,"5 апреля — день рождения Артура Хейли, канадского писателя родом из Англии, автора детективов, психологических триллеров и производственных романов, многие из которых стали бестселлерами и были экранизированы 🔎 Мы собрали интересные факты о жизни и творчестве мастера современной беллетристики 📝 Книги Артура Хейли на Литрес: [#alias| #дата@mylitres #факт #чтопочитать #книги #литература #детектив #артурхейли",80,5,5,"['#alias', '#дата', '#факт', '#чтопочитать', '#книги', '#литература', '#детектив', '#артурхейли']",литература,wall.search
295924,-23482323,1712256919,"Алена Швец – популярная в России певица и автор треков. Самые главные хиты Алены – «Первое свидание» и «Вино и Сигареты», которые, наверное, слышал каждый. Алена любит читать и часто берет вдохновение для своих песен из книг. Например, ее трек «Герда» вдохновлен той самой сказкой «снежная королева». Рассказываем о книгах, которые вдохновляют певицу 📚 [#alias| #подборка@mylitres #книги #литература #чтопочитать #аленашвец",108,13,16,"['#alias', '#подборка', '#книги', '#литература', '#чтопочитать', '#аленашвец']",литература,wall.search
295836,-23482323,1712239218,"«Хранительница болот» Натальи Тимошенко — фэнтези-роман о путешествии в другую страну ради преодоления жизненного кризиса и раскрытия тайн своей семьи. В нем славянская мифология переплетается с интригующей судьбой разных поколений, а сверхъестественное соседствует с суровыми реалиями жизни и человеческим невежеством. Популярной писательнице Эмилии в наследство от бабушки досталась старинная усадьба среди болот. Захватив с собой младшую сестру, Эмилия приезжает в усадьбу на правах новой хозяйки. Ей предстоит узнать, какие тайны на протяжении нескольких веков скрывала ее семья, кто живет в лесу за усадьбой, а также почему ее бабушку называли Хранительницей. Делимся 5 причинами прочитать мистический роман Натальи Тимошенко 📝 «Хранительница болот» на Литрес: [#alias| Аудиоверсия (читает Ксения Большакова): [#alias| #бестселлер@mylitres #книги #литература #электроннаябуква",138,8,3,"['#alias', '#alias', '#бестселлер', '#книги', '#литература', '#электроннаябуква']",литература,wall.search
295810,-23482323,1712229277,"4 апреля — день рождения Дэна Симмонса, американского писателя-фантаста, автора культовой тетралогии «Песни Гипериона» и лауреата многочисленных литературных премий. Знакомим вас с 5 фактами об авторе 📝 Книги Дэна Симмонса на Литрес: [#alias| #дата@mylitres #факт #этоинтересно #книги #литература #фантастика",83,2,6,"['#alias', '#дата', '#факт', '#этоинтересно', '#книги', '#литература', '#фантастика']",литература,wall.search
295609,-23482323,1712142840,"Катя Писарева, шеф-редактор Литрес, продолжает отвечать на наши глупые вопросы про сложные книги. На этот раз разговор будет про скандальную «Лолиту» Владимира Набокова. Скидка 20% и 2 книги из подборки в подарок по промокоду longmarch20 #литрес #лолита #набоков #литература #книги #аудиокниги",72,6,1,"['#литрес', '#лолита', '#набоков', '#литература', '#книги', '#аудиокниги']",литература,wall.search
295282,-23482323,1712056447,"В Международный день детской книги спешим к вам с прекрасными новостями: на Литрес выходят сразу две аудиокниги для детей и родителей в озвучке актрисы театра и кино Равшаны Курковой 🌟 🎧 «Заповедники. Дом для дикой природы» Ильи Кочергина рассказывает о том, как работают заповедники, кто ими занимается и почему в современном мире так важно оказывать природе помощь [#alias| 🎧 Ещё одной книгой, озвученной Равшаной, стало популярное произведение российской писательницы Натальи Ключарёвой «Владимир Шухов. Не только башня…». В нем подробно и простым языком описываются изобретения и открытия, достигнутые советским ученым Владимиром Шуховым [#alias| «Эти увлекательные книги я бы советовала прослушать детям и родителям, всем, кто любит узнавать что-то новое. Мои дети ещё малыши, но, когда они подрастут, я обязательно познакомлю их с этими произведениями. В нашем доме все обожают читать, и любовь к литературе детям мы прививаем с самого раннего возраста», — комментирует Равшана Куркова. #новинка@mylitres #аудиокниги #аудиокнига #чтопочитать #книги #литература #детскиекниги",90,1,4,"['#alias', '#alias', '#новинка', '#аудиокниги', '#аудиокнига', '#чтопочитать', '#книги', '#литература', '#детскиекниги']",литература,wall.search
295147,-23482323,1711984694,"1 апреля 1809 родился Николай Васильевич Гоголь — признанный классик русской культуры. Все знают, что на последнем году жизни писатель сжёг второй том «Мертвых душ», над которым он трудился более 10 лет. Рассказываем, каким видел автор продолжение своей истории 📝 #дата@mylitres #факт #Гоголь #литература #мертвыедуши #этоинтересно",92,8,9,"['#дата', '#факт', '#гоголь', '#литература', '#мертвыедуши', '#этоинтересно']",литература,wall.search
295089,-23482323,1711890979,"31 марта 1882 года родился писатель и поэт Корней Чуковский. Особое внимание Чуковский уделял детскому творчеству. У Корнея Ивановича было очень тяжелое детство, но, несмотря на это, своими произведениями он сумел подарить улыбки ребятам во всей стране 📙 Вспоминаем трогательные и жизнерадостные цитаты из книг Чуковского! #дата@mylitres #цитата #цитаты #книги #литература #дети #корнейчуковский #чуковский",102,3,6,"['#дата', '#цитата', '#цитаты', '#книги', '#литература', '#дети', '#корнейчуковский', '#чуковский']",литература,wall.search
294977,-23482323,1711721840,"Сегодня свой день рождения отмечает Ю Несбе — норвежский автор, журналист и музыкант, «отец» одного из самых запоминающихся сыщиков XXI века. Мрачный, нелюдимый и циничный гениальный детектив с непростой судьбой — все это об обаятельном и противоречивом инспекторе Харри Холе 🔍 Мрачные скандинавские пейзажи, серийные убийцы, тайны далекого прошлого и леденящие душу подробности — с каждым годом коллекция пугающих детективных историй Ю Несбё только растет, а с ними и армия поклонников. По случаю дня рождения мастера северного нуара собрали для вас подборку лучших книг писателя: [#alias| 📚 #подборка@mylitres #дата@mylitres #книги #литература #чтопочитать #детектив #детективы #юнесбе",105,15,12,"['#alias', '#подборка', '#дата', '#книги', '#литература', '#чтопочитать', '#детектив', '#детективы', '#юнесбе']",литература,wall.search
294903,-23482323,1711624465,"28 марта 1868 года родился Максим Горький (настоящее имя Алексей Максимович Пешков) — русский писатель, прозаик, драматург. Больше всего известен, как автор произведений с революционной тенденцией. Один из самых значительных и известных в мире русских писателей и мыслителей. Мы сделали подборку самых ярких и точных его цитат 📝 #дата@mylitres #цитаты #книги #литература #максимгорький #классика",120,12,23,"['#дата', '#цитаты', '#книги', '#литература', '#максимгорький', '#классика']",литература,wall.search
294712,-23482323,1711556300,Рассказываем о самых интересных книжных новинках последних двух недель 🌟 [#alias| #подборка@mylitres #чтопочитать #книги #литература #новинка,96,5,5,"['#alias', '#подборка', '#чтопочитать', '#книги', '#литература', '#новинка']",литература,wall.search
294680,-23482323,1711538040,"«Дюна» – первая книга прославленной сагиФрэнка Герберта. Читателя ждёт знакомство с Арракисом – миром суровых пустынь, исполинских песчаных червей, отважных фрименов и таинственной специи. Скидка 20% и 2 книги из подборки в подарок по промокоду longmarch20 #литрес #дюна #герберт #литература #книги #аудиокниги",101,7,11,"['#литрес', '#дюна', '#герберт', '#литература', '#книги', '#аудиокниги']",литература,wall.search
294238,-23482323,1711005088,"«После бури» – заключительная часть трилогии Фредрика Бакмана о жителях двух соперничающих хоккейных городов. Мая и Беньи вернулись домой и воссоединились с близкими друзьями. Но старые противоречия между Бьорнстадом и соседним Хедом вспыхнули с новой силой после сильнейшей бури. Нарастающая напряженность переходит во взаимное запугивание, а затем и в насилие… Всеобщая хоккейная одержимость все больше раздражает четырнадцатилетнего Маттео. Кроме того, те, кого он считает виновными в смерти сестры, – хоккеисты. Маттео полон решимости отомстить. У него есть пистолет. И план действий, осуществление которого приведет к трагедии. Рассказываем, почему стоит прочесть новинку 📝 «После бури» на Литрес: [#alias| #новинка@mylitres #книги #литература #чтопочитать #бакман #фредрикбакман #медвежийугол #проза",58,1,5,"['#alias', '#новинка', '#книги', '#литература', '#чтопочитать', '#бакман', '#фредрикбакман', '#медвежийугол', '#проза']",литература,wall.search
