{
  "total_posts": 27,
  "avg_text_length": 1755.8148148148148,
  "hashtags_distribution": {
    "#мышцы": 1,
    "#спорт": 27,
    "#здоровье": 2,
    "#восстановление": 1,
    "#alias": 15,
    "#спортивнаямедицина": 4,
    "#ростмышц": 4,
    "#мышцырастут": 3,
    "#vkfootball": 7,
    "#футбол": 7,
    "#россия": 6,
    "#блогер": 4,
    "#история": 3,
    "#чемпионат": 3,
    "#спартак": 1,
    "#динамо": 1,
    "#краснаяпресня": 1,
    "#старостин": 1,
    "#москва": 2,
    "#матчтв": 4,
    "#футбольныйрезерв": 7,
    "#родниковвлад": 5,
    "#михаилбутусов": 1,
    "#1": 1,
    "#отецроссийскогофутбола": 1,
    "#дюперрон": 1,
    "#11": 1,
    "#ligabloggerscup": 1,
    "#лужники": 1,
    "#площадкаподмостом": 1,
    "#2drots": 1,
    "#родинамедиа": 1,
    "#текила": 1,
    "#литвин": 1,
    "#сахалинец": 1,
    "#крап": 1,
    "#медиафутбол": 1,
    "#амкал": 1,
    "#нечай": 1,
    "#фкденьги": 1,
    "#фкрома": 1,
    "#медиалига": 2,
    "#лигаставок": 1,
    "#мфл": 1,
    "#10": 1,
    "#кубокигоряакиефеева": 1,
    "#бронницы": 1,
    "#детскийфутбол": 1,
    "#странафутбола": 1,
    "#8": 1,
    "#фккатюша": 1,
    "#блогеры": 1,
    "#футболроссии": 1,
    "#нашфутбол": 2,
    "#движениетольковверх": 1,
    "#владродников": 1,
    "#питание": 1,
    "#4": 1,
    "#любительскаялига": 1,
    "#любительскийфутбол": 1,
    "#ростов": 1,
    "#краснодар": 1,
    "#будущее": 1,
    "#evo": 1,
    "#топ": 1,
    "#актуальное": 1,
    "#упражнения": 1,
    "#alexfitness": 13,
    "#неостанавливайся": 13,
    "#фитнес": 4,
    "#alexfitness_работа": 1,
    "#поравзал": 5,
    "#поравзалуп": 1,
    "#alexfitness_питание": 1
  },
  "collection_methods": {
    "wall.search": 27
  },
  "date_range": {
    "min_date": 1645866092,
    "max_date": 1709716500,
    "min_date_readable": "2022-02-26",
    "max_date_readable": "2024-03-06"
  }
}