post_id,owner_id,date,date_str,text,likes,reposts,comments,hashtags,theme,group_name,group_id
63871,-81540170,1714227933,2024-04-27,"Российские ученые подали заявку на проведение второй фазы испытаний ""АнтионкоРАН-М"", невирусного геннотерапевтического противоопухолевого препарата для оценки его эффективности. В этом эксперименте примут участие сто добровольцев, заявила заместитель директора по науке Московского центра инновационных технологий в здравоохранении Ирина Алексеенко: [#alias|vk.cc/cws88f|",45,4,0,['#alias'],наука,ТАСС Наука,-81540170
63870,-81540170,1714221339,2024-04-27,"Пандемия COVID-19 подсветила неочевидные проблемы практически в каждой сфере человеческой жизни, в том числе и в образовании. Практика дистанционных уроков показала, что детям тяжело концентрироваться в течение 45 минут. Означает ли это, что пришло время сократить продолжительность академического часа? Или наоборот продлить, чтобы вернуть уровень концентрации школьников на прежний уровень? Читайте в новом материале ТАСС: [#alias|vk.cc/cwrZAN|",10,4,0,['#alias'],наука,ТАСС Наука,-81540170
63869,-81540170,1714217496,2024-04-27,"""Ждать, когда ребенок подрастет, было нельзя. Быстро и радикально удалить невус в этой области никто не брался. Я был единственным, кто откликнулся на просьбу Кэрол ей помочь"", — вспоминает хирург-онколог Павел Попов, 5 лет назад удаливший 7-месячной американке Луне Феннер огромную чёрную ""маску"", с которой она родилась. Через два года невус, грозивший стремительно переродиться в рак кожи, был полностью удалён. Сейчас Луну привезли в Петербург, чтобы решать уже косметические проблемы: [#alias|vk.cc/cwrUHf|",19,2,0,['#alias'],наука,ТАСС Наука,-81540170
63868,-81540170,1714208312,2024-04-27,Ученые двух федеральных университетов из Красноярска и Якутска совместно с Сибирским отделением Российской академии наук изобрели способ извлечения золота с помощью бактерий. Об этом говорится в сообщении Сибирского федерального университета: [#alias|vk.cc/cwrDJB|,24,5,0,['#alias'],наука,ТАСС Наука,-81540170
63867,-81540170,1714154852,2024-04-26,"Ученые из лаборатории Tinkoff Research рассказали, как маленькие исследовательские группы существуют и процветают в мире гигантов, как ученым уживаться с интересами бизнеса и какие области исследований могут подарить миру следующую технологию уровня ChatGPT: [#alias|vk.cc/cwraiT|",13,6,0,['#alias'],наука,ТАСС Наука,-81540170
63866,-81540170,1714140340,2024-04-26,В Японии опубликовали первый в мире сделанный вблизи снимок космического мусора: [#alias|vk.cc/cwqWKP|,16,1,0,['#alias'],наука,ТАСС Наука,-81540170
63865,-81540170,1714136506,2024-04-26,"Южные виды пауков и птиц проникают к Полярному кругу по узким коридорам-лепесткам, которые появились из-за таяния вечной мерзлоты, сообщили ТАСС в пресс-службе экспедиции ""Чистая Арктика - Восток-77"": [#alias|vk.cc/cwqRYo|",12,1,0,['#alias'],наука,ТАСС Наука,-81540170
63864,-81540170,1714133081,2024-04-26,"Российские экономисты выяснили, что вложения средств в различные краудфандинговые проекты приносят около 11,5% годовых для инвесторов, однако при этом инвестиции в разработку различных дизайн-проектов приносят около 70% годовых. Об этом сообщила пресс-служба НИУ ВШЭ: [#alias|vk.cc/cwqNrr|",7,2,0,['#alias'],наука,ТАСС Наука,-81540170
63863,-81540170,1714130257,2024-04-26,"Ученые Крыма внесли в базу порядка тысячи афалин, обитающих у берегов Черного моря, рассказала научный сотрудник Карадагской научной станции Ирина Логоминова: [#alias|vk.cc/cwqJff|",26,1,0,['#alias'],наука,ТАСС Наука,-81540170
63862,-81540170,1714125940,2024-04-26,Открыто новое семейство белков. Детальное изучение их структуры и особенностей размножения в будущем позволит нормализовать микрофлору желудочно-кишечного тракта пациентов: [#alias|vk.cc/cwqD1H|,16,1,0,['#alias'],наука,ТАСС Наука,-81540170
63861,-81540170,1714121073,2024-04-26,"КНР откроет облачный доступ к квантовому компьютеру мощностью 504 кубита. China Telecom Quantum Group и QuantumCTek отметили, что сверхпроводниковый чип станет ""самым мощным в Китае"": [#alias|vk.cc/cwqtN8|",19,6,0,['#alias'],наука,ТАСС Наука,-81540170
63860,-81540170,1714060881,2024-04-25,"Ряд стран, в том числе некоторые регионы России, накрывают желтые осадки, причина которых — в пришедшей из Африки пыли. Что известно об африканской пыли и опасна ли она для людей — в материале ТАСС: [#alias|vk.cc/cwpTlA|",6,1,0,['#alias'],наука,ТАСС Наука,-81540170
63859,-81540170,1714057397,2024-04-25,"Телескоп ART-XC им. М. Н. Павлинского, установленный на борту космической обсерватории ""Спектр-РГ"", завершил очередной обзор неба в рентгеновском диапазоне, сообщили в ИКИ РАН: [#alias|vk.cc/cwpPz9|",8,2,0,['#alias'],наука,ТАСС Наука,-81540170
63858,-81540170,1714055069,2024-04-25,"Связанные с пестицидами 36 мутаций ускоряют развитие болезни Паркинсона Ученые пришли к такому выводу при изучении структуры генома почти 800 жителей Калифорнии, у которых была выявлена болезнь в последние несколько десятилетий: [#alias|vk.cc/cwpMPz|",8,3,0,['#alias'],наука,ТАСС Наука,-81540170
63857,-81540170,1714039270,2024-04-25,Минздрав России зарегистрировал первый в мире препарат для лечения болезни Бехтерева. Об этом сообщили в пресс-службе министерства: [#alias|vk.cc/cwprLq|,25,5,0,['#alias'],наука,ТАСС Наука,-81540170
63856,-81540170,1714037311,2024-04-25,Минздрав исключил антибиотики из стандарта медпомощи при ОРВИ: [#alias|vk.cc/cwp4Ko|,11,5,0,['#alias'],наука,ТАСС Наука,-81540170
63855,-81540170,1714030233,2024-04-25,"Жители Земли в начале мая увидят звездопад эта-Аквариды. Источником метеоров-вспышек выступит пылевой след, оставленный знаменитой кометой Галлея, сообщили ТАСС в пресс-службе Московского планетария: [#alias|vk.cc/cwpbn8|",10,5,0,['#alias'],наука,ТАСС Наука,-81540170
63854,-81540170,1714023098,2024-04-25,"Братья умерших мужчин-аваров ""наследовали"" их жен. Европейские ученые расшифровали геномы 424 аваров, чьи останки были погребены в четырех могильниках на территории современной Венгрии: [#alias|vk.cc/cwp3dH|",20,3,0,['#alias'],наука,ТАСС Наука,-81540170
63853,-81540170,1713977732,2024-04-24,"Астрономы впервые проследили за формированием сверхмощной вспышки гамма-излучения в соседней галактике M82, которая была порождена процессами внутри магнетара, сильно намагниченной молодой нейтронной звезды. Это открытие подтвердило гипотезу о том, что подобные объекты порождают гамма-вспышки, сообщила в среду пресс-служба Женевского университета: [#alias|vk.cc/cwoIjT| Фото: NASA, ESA and the Hubble Heritage Team (STScI/AURA); Acknowledgment: J. Gallagher (University of Wisconsin), M. Mountain (STScI) and P. Puxley (National Science Foundation)",8,2,0,['#alias'],наука,ТАСС Наука,-81540170
63852,-81540170,1713974447,2024-04-24,"Российская академия наук подготовила программу изучения Луны до 2050 года, сообщил президент РАН академик Геннадий Красников в ходе выступления в Совете Федерации: [#alias|vk.cc/cwoF25|",9,0,0,['#alias'],наука,ТАСС Наука,-81540170
63851,-81540170,1713970959,2024-04-24,"Сильное снижение генетического разнообразия среди мужчин, произошедшее 3-5 тыс. лет назад, было связано не с резкой интенсификацией войн, а с установлением патриархата и формированием обществ вокруг кланов из близкородственных мужчин. Об этом пишут французские палеогенетики и антропологи в статье, опубликованной в журнале Nature Communications: [#alias|vk.cc/cwoBcP|",18,8,0,['#alias'],наука,ТАСС Наука,-81540170
63850,-81540170,1713967443,2024-04-24,"Роспотребнадзор обнаружил 47 новых вирусов, которые переносят комары, а также 14 вирусов в клещах. Об этом сообщила руководитель Роспотребнадзора Анна Попова: [#alias|vk.cc/cwowBA|",22,12,0,['#alias'],наука,ТАСС Наука,-81540170
63849,-81540170,1713955833,2024-04-24,Ученые ЛЭТИ создали специальную камеру для разработки и тестирования спутников. Разработка значительно дешевле распространенных в индустрии аналогов: [#alias|vk.cc/cwocks|,7,0,0,['#alias'],наука,ТАСС Наука,-81540170
63848,-81540170,1713951343,2024-04-24,"Первые биолюминесцентные организмы появились на Земле 540 млн лет назад. Об этом сообщила пресс-служба Смитсоновского национального музея естественной истории. Ученые расшифровали структуру ДНК геномов восьми ранее неизвестных видов светящихся глубоководных кораллов. Это позволило узнать, что общий предок всех биолюминесцентных полипов из класса Octocorallia появился на Земле в начале кембрийской эпохи. В это время также появились представители всех ключевых типов многоклеточных живых существ, в том числе и позвоночных животных: [#alias|vk.cc/cwo51a|",11,1,0,['#alias'],наука,ТАСС Наука,-81540170
63846,-81540170,1713887133,2024-04-23,"Раскрыта размытость границ между нормой и речевыми нарушениями у детей. Исследователи пришли к выводу, что лучше всего описывать спектр, в рамках которого у языковых навыков есть множество степеней развития: [#alias|vk.cc/cwnhRm|",3,0,0,['#alias'],наука,ТАСС Наука,-81540170
63845,-81540170,1713877477,2024-04-23,"Крупные полноводные реки не являются препятствием на пути миграции амурского тигра и даже его котят, как считалось ранее. Новыми данными с ТАСС поделился директор центра ""Амурский тигр"" Сергей Арамилев: [#alias|vk.cc/cwn4H9|",13,1,0,['#alias'],наука,ТАСС Наука,-81540170
63844,-81540170,1713863855,2024-04-23,"Ученые нижегородского университета Лобачевского создали цифровую платформу, которая позволяет проводить диагностику и индивидуальные тренировки для пациентов с последствиями инсульта, наркозависимостью, в случаях СДВГ и аутизма у детей, сообщили ТАСС в пресс-службе вуза: [#alias|vk.cc/cwmIxE|",23,5,0,['#alias'],наука,ТАСС Наука,-81540170
63843,-81540170,1713856831,2024-04-23,23 апреля отмечают Международный день манула. Вид занесен в Красную книгу России и Красный список МСОП. В мире насчитывают около 58 тыс. особей. Подробнее об образе жизни и популяции манула — в инфографике ТАСС. #ТАСС_Ифнографика,30,16,0,['#тасс_ифнографика'],наука,ТАСС Наука,-81540170
63842,-81540170,1713817111,2024-04-22,Ученые получили 3D-снимок недавней вспышки черной дыры в центре Млечного Пути. Результаты расчетов ученых были опубликованы в статье в научном журнале Nature Astronomy: [#alias|vk.cc/cwma4B|,24,4,0,['#alias'],наука,ТАСС Наука,-81540170
63841,-81540170,1713817052,2024-04-22,"Американские нейрофизиологи выявили набор характерных изменений в структуре и работе мозга, которые появляются у военнослужащих, переживших несколько сотрясений и контузий, порожденных взрывами боеприпасов и самодельных взрывных устройств. Выводы ученых были опубликованы в статье в научном журнале PNAS: [#alias|vk.cc/cwma39|",10,3,0,['#alias'],наука,ТАСС Наука,-81540170
63840,-81540170,1713794435,2024-04-22,"Зафиксированы аналоги корональных выбросов массы в ионосфере Марса. Китайские ученые обнаружили, что MAVEN как минимум три раза - в октябре 2014 года, в декабре 2016 года и в апреле 2019 года — пролетал через своеобразные ""дыры"" в толще ионосферы: [#alias|vk.cc/cwlPeE|",12,1,0,['#alias'],наука,ТАСС Наука,-81540170
63839,-81540170,1713790890,2024-04-22,"Реставрация самой большой в истории России карты, созданной в XVII веке в стиле допетровской картографии займет до 14 месяцев. Об этом сообщил ТАСС первый заместитель исполнительного директора Русского географического общества Илья Гуров: [#alias|vk.cc/cwlKQE| Видео: Ольга Костромина/ТАСС",15,2,0,['#alias'],наука,ТАСС Наука,-81540170
63838,-81540170,1713787297,2024-04-22,Хирурги начали финальные испытания первого в РФ самораскрывающегося сердечного клапана. Он необходим пациентам с разными видами врожденных пороков сердца: [#alias|vk.cc/cwlFv4| Видео: Елена Сычева/ТАСС,98,11,0,['#alias'],наука,ТАСС Наука,-81540170
63837,-81540170,1713783872,2024-04-22,"Раскрыт ранее неизвестный механизм, ускоряющий эволюцию коронавируса. Биологи разработали специальный подход, который, в частности, позволяет помечать произвольные молекулы РНК при помощи уникальных меток из небольшого числа нуклеотидов: [#alias|vk.cc/cwlAOj|",10,0,0,['#alias'],наука,ТАСС Наука,-81540170
63836,-81540170,1713780635,2024-04-22,"Восприимчивость к чужому мнению повышает риски селфхарма у девочек-подростков с РПП. В пресс-службе МГППУ сообщили ТАСС, что опрос проводился среди людей в возрасте от 13 до 17 лет: [#alias|vk.cc/cwlsaO|",6,2,0,['#alias'],наука,ТАСС Наука,-81540170
63835,-81540170,1713776803,2024-04-22,"22 апреля отмечают Международный день Матери-Земли. Праздник был учрежден ООН в 2009 году и призывает задуматься о сохранении экосистем, поддерживающих всю жизнь на планете. Одной из систем, защищающих жителей Земли, является озоновый слой. Подробнее о том, что происходит с озоновым слоем, — в инфографике ТАСС. #ТАСС_Инфографика",8,3,0,['#тасс_инфографика'],наука,ТАСС Наука,-81540170
63834,-81540170,1713774687,2024-04-22,"Обнаружена опасность загрязнения курильской акватории сбросами воды с ""Фукусимы"". Ученые смоделировали пути распространения и степень загрязнения Южно-Курильской рыболовной зоны водами, сбрасываемыми с АЭС: [#alias|vk.cc/cwlapM|",38,9,0,['#alias'],наука,ТАСС Наука,-81540170
63833,-81540170,1713771040,2024-04-22,"Выдающийся американский физик Роберт Оппенгеймер родился 22 апреля 1904 года, 120 лет назад. О том, почему политические идеи далекого от политики ученого должны быть востребованы сегодня рассказал руководитель представительства ТАСС в Венгрии Иван Лебедев: [#alias|vk.cc/cpO5Dx|",8,0,0,['#alias'],наука,ТАСС Наука,-81540170
63832,-81540170,1713738064,2024-04-22,"Космонавты на борту МКС провели сепарацию гидросистем скафандров для удаления из них лишнего газа при подготовке к выходу в открытый космос. Об этом сообщил спецкор ТАСС, командир отряда космонавтов Роскосмоса Олег Кононенко: [#alias|vk.cc/cwkOqN| Видео: Олег Кононенко/Роскосмос/ТАСС #ТАССнаМКС",24,1,0,"['#alias', '#тасснамкс']",наука,ТАСС Наука,-81540170
63830,-81540170,1713726521,2024-04-21,"Ученые НИУ БелГУ лабораторно доказали, что произведенное ими безалкогольное красное вино способно защитить почки пациента во время рентгенологического исследования. Об этом сообщили ТАСС в НИУ БелГУ: [#alias|vk.cc/cwkKOK|",47,19,0,['#alias'],наука,ТАСС Наука,-81540170
63829,-81540170,1713708755,2024-04-21,Комету Понса-Брукса не будет видно в момент максимального сближения с Солнцем. Небесное тело можно будет наблюдать в бинокли и телескопы: [#alias|vk.cc/cwkz4z|,10,2,0,['#alias'],наука,ТАСС Наука,-81540170
63828,-81540170,1713704469,2024-04-21,"Пляжный сезон не за горами, и чтобы подготовить фигуру к открытой одежде, люди начинают искать новые способы похудения. Интересный способ — ДНК-диеты, которые, по заверениям производителей, обеспечат эффективную и здоровую потерю веса. Как генетические тесты помогут скорректировать рацион и тренировки — материале ТАСС: [#alias|vk.cc/cwkvm5|",6,1,0,['#alias'],наука,ТАСС Наука,-81540170
63827,-81540170,1713652245,2024-04-21,"Вспышки на небе во время максимальной активности звездопада Лириды в ночь на 22 апреля будут видны без бинокля над восточным горизонтом. Лучшим временем для наблюдения станут предрассветные часы, сообщили ТАСС в пресс-службе Московского планетария: [#alias|vk.cc/cwjWwI|",17,6,0,['#alias'],наука,ТАСС Наука,-81540170
63826,-81540170,1713631530,2024-04-20,"Луна, близкая к полнолунию, будет засвечивать ночное небо, что помешает наблюдению в ночь с 21 на 22 апреля пика метеорного потока Лириды, история которого насчитывает более 2,5 тыс. лет. Об этом сообщили ТАСС в пресс-службе Московского планетария: [#alias|vk.cc/cwjN4k|",19,2,0,['#alias'],наука,ТАСС Наука,-81540170
63825,-81540170,1713616349,2024-04-20,Конкурс научных работ в области медицины появится в России в ближайшее время. Организовать такое первенство потребовал президент России Владимир Путин: [#alias|vk.cc/cwjzbh|,16,3,0,['#alias'],наука,ТАСС Наука,-81540170
63824,-81540170,1713556830,2024-04-19,"Научный коллектив с участием специалистов трех стран — России, Индии и Бельгии — впервые математически смоделировали состояние человеческого мозга во время эпилептического припадка. Как сообщили в пресс-службе программы ""Приоритет 2030"" Минобрнауки РФ, в рамках которой ведутся исследования, результаты помогут расширить представления о болезни и поспособствуют ее лечению: [#alias|vk.cc/cwiVDk|",35,7,0,['#alias'],наука,ТАСС Наука,-81540170
63823,-81540170,1713553237,2024-04-19,"Специалисты Московского государственного университета им. М. В. Ломоносова и Института биологии гена РАН разработали молекулу, воздействующую на N-белок коронавируса для его нейтрализации. Об этом сообщили в пресс-службе вуза: [#alias|vk.cc/cwiTMD|",12,1,0,['#alias'],наука,ТАСС Наука,-81540170
63822,-81540170,1713552333,2024-04-19,"Исследование финских ученых из университета Ювяскюля показало, что люди с генетической предрасположенностью к более высокой мышечной силе имеют несколько меньший риск распространенных неинфекционных заболеваний и преждевременной смертности. Об этом 10 апреля сообщила пресс-служба учебного заведения: [#alias|vk.cc/cwiTk2|",16,2,0,['#alias'],наука,ТАСС Наука,-81540170
63821,-81540170,1713549634,2024-04-19,"Климатологи и океанологи обнаружили свидетельства того, что аномально быстрый рост уровня моря в некоторых регионах на северо-западе Атлантики связан с повышением температуры в глубинных водах, поступающих в Атлантику со стороны берегов Антарктики. Об этом сообщила пресс-служба Университета Майами: [#alias|vk.cc/cwiRqE|",12,3,0,['#alias'],наука,ТАСС Наука,-81540170
63820,-81540170,1713546093,2024-04-19,"Российские компании приняли участие в международной выставке-форуме Smart City Asia, проходящей с 17 по 19 апреля в южном вьетнамском мегаполисе Хошимине. Организаторами мероприятия выступили местные ассоциации автоматизации, цифровых коммуникаций и информатики, а также Институт инноваций и цифровой трансформации: [#alias|vk.cc/cwiOzb|",7,0,0,['#alias'],наука,ТАСС Наука,-81540170
63819,-81540170,1713542557,2024-04-19,"Американские молекулярные биологи обнаружили, что рассеянный склероз можно выявить за несколько лет до появления первых видимых признаков его развития по присутствию в крови пациента набора из нескольких антител, атакующих ткани его мозга. Об этом сообщила пресс-служба Университета Калифорнии в Сан-Франциско: [#alias|vk.cc/cwiL1y|",16,4,0,['#alias'],наука,ТАСС Наука,-81540170
63818,-81540170,1713526661,2024-04-19,"Среди всех зарегистрированных в 2023 году лекарств 77% являются отечественными, сообщили в Минздраве РФ: [#alias|vk.cc/cwiqrW|",11,1,0,['#alias'],наука,ТАСС Наука,-81540170
63817,-81540170,1713520976,2024-04-19,"Космонавты на борту российского сегмента МКС готовят скафандры ""Орлан-МКС"" к предстоящей внекорабельной деятельности — в частности, экипаж поменял защитные стекла скафандров, передает спецкор ТАСС на станции, командир отряда космонавтов Олег Кононенко: [#alias|vk.cc/cwihOo| #ТАССнаМКС",28,1,0,"['#alias', '#тасснамкс']",наука,ТАСС Наука,-81540170
63816,-81540170,1713471707,2024-04-18,Ученые обнаружили в Индии остатки рекордно крупной доисторической змеи. Длина змеи могла составлять около 15 м: [#alias|vk.cc/cwhHyt|,41,7,0,['#alias'],наука,ТАСС Наука,-81540170
63815,-81540170,1713450153,2024-04-18,"Ученые исследуют обнаруженные в строительных траншеях на склоне горы Ачишхо в районе Красной поляны две дольменообразные гробницы, выполненные древними зодчими из плиточного песчаника. Последний раз подобные сооружения исследовали около 30 лет назад, сообщили ТАСС в РАН: [#alias|vk.cc/cwhnnk|",30,5,0,['#alias'],наука,ТАСС Наука,-81540170
63814,-81540170,1713440193,2024-04-18,"В Петербурге разработали метод для работы с алмазом как с полупроводником. Ученые смогли точно определять концентрацию добавленного бора в наноразмерных слоях алмаза методом инфракрасной спектроскопии. Компонентная база в перспективе сможет работать в экстремальных условиях, сообщил ТАСС профессор кафедры микро- и наноэлектроники ЛЭТИ Василий Зубков: [#alias|vk.cc/cwh5wF|",18,2,0,['#alias'],наука,ТАСС Наука,-81540170
63813,-81540170,1713437077,2024-04-18,"В России создали облачное хранилище для защиты данных, не требующее подключения к серверу. Разработка подходит для фото- и видеоконтента и документов, которые нельзя хранить вне корпоративной сети. Об этом сообщил ТАСС генеральный директор Datananny Иван Линдберг: [#alias|vk.cc/cwh0un|",17,8,0,['#alias'],наука,ТАСС Наука,-81540170
63812,-81540170,1713428673,2024-04-18,"Препарат для борьбы с антибиотикорезистентностью ""Фтортиазинон"" можно принимать с целью профилактики, поскольку не действует на нормальную микрофлору. Об этом сообщил ТАСС директор НИЦЭМ Н.Ф. Гамалеи Минздрава РФ Александр Гинцбург: [#alias|vk.cc/cwgFZP|",20,7,0,['#alias'],наука,ТАСС Наука,-81540170
63811,-81540170,1713425687,2024-04-18,"Европейские и американские палеонтологи обнаружили на западе Англии фрагмент челюсти гигантского ихтиозавра, длина его тела предположительно превышала 25 м. Это делает его крупнейшим ихтиозавром и морской рептилией в истории Земли, пишут исследователи в статье в журнале PLoS One: [#alias|vk.cc/cwgBPA|",17,3,0,['#alias'],наука,ТАСС Наука,-81540170
63810,-81540170,1713373359,2024-04-17,Крупнейший в мире китайский радиотелескоп обнаружил во Вселенной более 900 новых пульсаров. Отслеживание таких небесных тел помогает подтвердить теорию существования гравитационного излучения и черных дыр: [#alias|vk.cc/cwg4lU|,170,16,0,['#alias'],наука,ТАСС Наука,-81540170
63809,-81540170,1713371859,2024-04-17,"Полярные сияния на коричневых карликах связаны с выбросами с их лун. Астрономы изучили 12 подобных объектов, занимающих промежуточное положение между планетами и звездами, при помощи инструментов орбитального телескопа ""Джеймс Уэбб"": [#alias|vk.cc/cwg2HK|",16,1,0,['#alias'],наука,ТАСС Наука,-81540170
63808,-81540170,1713368313,2024-04-17,"Японские исследователи обнаружили, что заживление тяжелых переломов можно ускорить, если обработать поврежденные участки костной ткани при помощи холодной гелиевой плазмы. Результаты опытов биологов были опубликованы в статье в научном журнале PLoS One: [#alias|vk.cc/cwfYfi|",26,6,0,['#alias'],наука,ТАСС Наука,-81540170
63807,-81540170,1713358986,2024-04-17,"Открыты вещества, способные хранить в себе рекордные количества водорода: [#alias|vk.cc/cwfFo2|",12,2,0,['#alias'],наука,ТАСС Наука,-81540170
63806,-81540170,1713355475,2024-04-17,В Москве открыли уникальный лабораторный корпус для судебных экспертиз: [#alias|vk.cc/cwfyvN|,10,2,0,['#alias'],наука,ТАСС Наука,-81540170
63805,-81540170,1713346307,2024-04-17,"В Петербурге создали прибор для бесконтактного определения возраста деревьев, который может применяться как в городе, так и в заповедниках: [#alias|vk.cc/cwfjl5|",14,3,0,['#alias'],наука,ТАСС Наука,-81540170
63804,-81540170,1713338695,2024-04-17,"Исследования не выявили серьезных нежелательных явлений при приеме российского препарата для борьбы с антибиотикорезистентностью ""Фтортиазинона"". Об этом сообщил ТАСС Гинцбург: [#alias|vk.cc/cwf41H|",8,2,0,['#alias'],наука,ТАСС Наука,-81540170
63803,-81540170,1713297338,2024-04-16,"Британские химики выяснили, что металлическую стружку, возникающую в процессе обработки различных деталей из нержавеющей стали, можно использовать в качестве основы для высокоэффективных и экологичных катализаторов для расщепления воды на водород и кислород. Об этом сообщила пресс-служба Ноттингемского университета: [#alias|vk.cc/cweJZ5|",30,9,0,['#alias'],наука,ТАСС Наука,-81540170
63802,-81540170,1713283720,2024-04-16,"В преддверии Дня космонавтики, 11 апреля, российская ракета-носитель тяжелого класса ""Ангара-А5"" совершила свой первый пуск с космодрома ""Восточный"". Правда, реализовать это удалось только с третьей попытки. О причинах задержки и значении новой российской ракеты-носителя тяжелого класса рассказал научный журналист Михаил Котов: [#alias|vk.cc/cwezpe|",8,0,0,['#alias'],наука,ТАСС Наука,-81540170
63801,-81540170,1713282934,2024-04-16,В горах Ингушетии нашли барельефные камни древнего храма: [#alias|vk.cc/cweyAW| Фото: Официальный сайт Джейрахско-Ассинcкого государственного историко-архитектурного и природного музея-заповедника,9,1,0,['#alias'],наука,ТАСС Наука,-81540170
63800,-81540170,1713279599,2024-04-16,"NASA установило происхождение космического мусора, упавшего на дом во Флориде. Отмечается, что предмет был опорой оборудования, которое используется для установки литийионных батарей на поддон на МКС: [#alias|vk.cc/cweuH9| Фото: X/Alejandro0tero",10,1,0,['#alias'],наука,ТАСС Наука,-81540170
63799,-81540170,1713278016,2024-04-16,"Создан двумерный материал из атомов золота. Эти наноструктуры, получившие имя ""гольден"", станут основой для новых катализаторов и полупроводниковых материалов, сообщила пресс-служба Университета Линчепинга: [#alias|vk.cc/cwertL|",13,1,0,['#alias'],наука,ТАСС Наука,-81540170
63798,-81540170,1713259952,2024-04-16,"Специалисты Военно-медицинской академии имени С.М. Кирова Министерства обороны РФ разработали способ лечения глубоких обширных повреждений кожи, полученных в том числе в результате минно-взрывных ранений, с применением бесклеточного продукта из пуповины. Это следует из патента на изобретение, опубликованного на сайте Федерального института промышленной собственности: [#alias|vk.cc/cwdQcy|",40,9,0,['#alias'],наука,ТАСС Наука,-81540170
63797,-81540170,1713210930,2024-04-15,"Ученые повторно изучили результаты провалившихся клинических испытаний празинезумаба, лекарства от болезни Паркинсона на базе моноклональных антител, и выяснили, что это средство помогает пациентам с быстро прогрессирующими формами этого заболевания, и почти не влияет на больных с медленно развивающимися вариациями болезни. Выводы ученых были опубликованы в статье в журнале Nature Medicine: [#alias|vk.cc/cwdfL4|",21,5,0,['#alias'],наука,ТАСС Наука,-81540170
63795,-81540170,1713203733,2024-04-15,Лукашенко подписал указ по реализации до 2028 года нового проекта с РФ в сфере космоса. После завершения проекта запланирован запуск белорусско-российского космического аппарата дистанционного зондирования Земли сверхвысокого разрешения: [#alias|vk.cc/cwdayq|,37,2,0,['#alias'],наука,ТАСС Наука,-81540170
63794,-81540170,1713191730,2024-04-15,"Ученые зарегистрировали четыре мощные вспышки класса М на Солнце 15 апреля, сообщает Гелиогеофизическая служба Института прикладной геофизики: [#alias|vk.cc/cwcY57|",20,5,0,['#alias'],наука,ТАСС Наука,-81540170
63793,-81540170,1713186036,2024-04-15,"Выявлены иммунные клетки, защищающие носовую полость детей от коронавируса. Бокаловидные клетки назального эпителия у детей активно вырабатывают белки-интерфероны, подавляющие размножение вируса в слизистой оболочке носа: [#alias|vk.cc/cwcPCt|",9,3,0,['#alias'],наука,ТАСС Наука,-81540170
63792,-81540170,1713183814,2024-04-15,"Обнаруженный в Черном море новый микроорганизм назвали в честь братьев Стругацких. Он имеет сложный жизненный цикл, механизм одномоментного разделения клеток на множество дочерних: [#alias|vk.cc/cwcM8N|",33,5,0,['#alias'],наука,ТАСС Наука,-81540170
63790,-81540170,1713182140,2024-04-15,"Ученые из России разработали инновационную клеточную тест-систему для персонифицированной медицины, которая позволит использовать биоматериалы пациента для подбора оптимальных препаратов для борьбы с раком или лечения других болезней. Об этом в понедельник сообщила пресс-служба МФТИ: [#alias|vk.cc/cwcJgy|",38,5,0,['#alias'],наука,ТАСС Наука,-81540170
63789,-81540170,1713113445,2024-04-14,"Искусственный интеллект научили выявлять сужение мозговых артерий. Как сообщили в пресс-службе Московского политехнического университета, оценка сосудов выполняется на основе данных компьютерной томографической ангиографии: [#alias|vk.cc/cwbIaZ|",28,4,0,['#alias'],наука,ТАСС Наука,-81540170
63788,-81540170,1713071193,2024-04-14,"Археологи музея-заповедника ""Неаполь Скифский"" летом приступят к дальнейшим раскопкам в мало исследованном регионе горного массива Кубалач в Белогорском районе Крыма. Об этом ТАСС сообщила заместитель директора музея-заповедника Ирина Шкрибляк: [#alias|vk.cc/cwb33x|",16,0,0,['#alias'],наука,ТАСС Наука,-81540170
63787,-81540170,1713026254,2024-04-13,"В Новосибирске разработали БПЛА-полицейский, ориентирующийся в пространстве без GPS: [#alias|vk.cc/cwaN1W|",23,2,0,['#alias'],наука,ТАСС Наука,-81540170
63786,-81540170,1712992893,2024-04-13,"Ученые изобрели способ консервации сыра, который не предусматривает антибиотики. Этот способ позволяет хранить продукт в холодильнике до 45 суток: [#alias|vk.cc/cwa95W|",37,5,0,['#alias'],наука,ТАСС Наука,-81540170
63785,-81540170,1712941534,2024-04-12,"Европейские генетики выявили ранее неизвестные мутации в 39 генах, появление которых приводит к развитию различных форм мужского бесплодия. Об этом сообщила пресс-служба Эстонского исследовательского совета: [#alias|vk.cc/cw9HH9|",6,0,0,['#alias'],наука,ТАСС Наука,-81540170
63784,-81540170,1712937681,2024-04-12,"Изделия, материалы и технологии, создававшиеся в рамках космических программ, прочно вошли в современную жизнь. Пользуясь связью, навигационными приложениями в смартфоне, смотря телевизор, мы порой не задумываемся, что эти и многие другие привычные сейчас вещи имеют космические корни. ТАСС — о том, как космические технологии помогают нам ежедневно: [#alias|vk.cc/cw9DgF|",8,1,0,['#alias'],наука,ТАСС Наука,-81540170
63783,-81540170,1712934041,2024-04-12,"Создан лазер для борьбы с обледенением авиадвигателя во время полета. Разработка может стать альтернативой применяемым в авиации встроенным тепловым системам, которые подогревают подверженные обледенению детали лишь частично: [#alias|vk.cc/cw9yA3|",15,1,0,['#alias'],наука,ТАСС Наука,-81540170
63782,-81540170,1712932293,2024-04-12,"Астрономы впервые обнаружили порожденные звездным ветром рентгеновские волны. Ученые совершили открытие при наблюдениях за рентгеновским свечением трех близлежащих солнцеподобных звезд — 70 Змееносца, эпсилон Эридана и 61 Лебедя: [#alias|vk.cc/cw9wem|",28,1,0,['#alias'],наука,ТАСС Наука,-81540170
63781,-81540170,1712930434,2024-04-12,"Астрономы выяснили, что ярчайший в истории человечества гамма-всплеск GRB 221009A, зафиксированный в октябре 2022 года, был порожден обычной сверхновой, а не различными экзотическими процессами, как считали многие астрономы. Об этом сообщила пресс-служба американского Северо-Западного университета: [#alias|vk.cc/cw9tyr|",15,1,0,['#alias'],наука,ТАСС Наука,-81540170
63780,-81540170,1712927017,2024-04-12,"Россияне первыми в мире совершили стратосферный прыжок на Северный полюс, сообщили ТАСС в российской компании RuVDS. Летчик-космонавт Михаил Корниенко, летчик-инструктор Александр Лынник и основатель аэрокосмической лаборатории ""Стратонавтика"" Денис Ефремов спрыгнули с борта самолета Ил-76 с высоты более 10 тыс. м: [#alias|vk.cc/cw9nJ1|",33,1,0,['#alias'],наука,ТАСС Наука,-81540170
63779,-81540170,1712925048,2024-04-12,"Отто Шмидт — ученый-энциклопедист, математик, географ, астроном, исследователь Арктики и покоритель Памира. Он изучал предмет так глубоко, что часто становился первооткрывателем. Самым, пожалуй, известным его проектом стала экспедиция на ""Челюскине"". Подробнее об экспедиции — в материале: [#alias|vk.cc/cw9kBN|",39,4,0,['#alias'],наука,ТАСС Наука,-81540170
63778,-81540170,1712923257,2024-04-12,"Студенты Дальневосточного федерального университета разработали космический спутник для изучения солнечного излучения, который планируется запустить на орбиту Земли в четвертом квартале текущего года. Об этом сообщили ТАСС в пресс-службе ДВФУ: [#alias|vk.cc/cw9hei|",13,1,0,['#alias'],наука,ТАСС Наука,-81540170
63777,-81540170,1712921499,2024-04-12,"В РФ создали портрет типичной девочки-подростка, рискующей столкнуться с РПП. Ей свойственны затруднение в распознавании собственных чувств, неуверенность в себе, преобладание негативных эмоций и неудовлетворенность отношениями в семье, сообщила кандидат психологических наук Татьяна Мешкова: [#alias|vk.cc/cw9dKs|",9,11,0,['#alias'],наука,ТАСС Наука,-81540170
63776,-81540170,1712919785,2024-04-12,"12 апреля в России ежегодно отмечают День космонавтики. Сейчас по суммарному налету в космосе Олег Кононенко занимает первое место, второе — Геннадий Падалка, третье — Юрий Маленченко. Кто провел больше всего времени в космосе — в инфографике ТАСС. #ТАСС_Инфографика",56,3,0,['#тасс_инфографика'],наука,ТАСС Наука,-81540170
63775,-81540170,1712916174,2024-04-12,"Сильная вспышка высокого класса и 16 вспышек среднего класса произошли 11 апреля на Солнце. Ученые отмечают высокую активность звезды, сообщили ТАСС в гелиогеофизической службе Института прикладной геофизики: [#alias|vk.cc/cw92XK|",21,14,0,['#alias'],наука,ТАСС Наука,-81540170
63774,-81540170,1712858735,2024-04-11,"Американские биологи обнаружили, что заражение крови ведет к появлению долгосрочных сбоев в работе стволовых клеток костного мозга, в результате которых организм пациентов, переживших сепсис, фактически перестает вырабатывать иммунные клетки в ответ на появление новых угроз. Об этом сообщила пресс-служба Международного общества изучения стволовых клеток: [#alias|vk.cc/cw8abQ|",15,4,0,['#alias'],наука,ТАСС Наука,-81540170
63773,-81540170,1712842953,2024-04-11,"Российские и зарубежные физики разработали новый тип фотодетекторов на базе нанопленок диселенида ниобия, которые могут фиксировать даже самые слабые формы терагерцового излучения, порождаемые объектами космоса и различными процессами в микромире. Об этом сообщила пресс-служба НИУ ВШЭ: [#alias|vk.cc/cw7K8c|",6,2,0,['#alias'],наука,ТАСС Наука,-81540170
63772,-81540170,1712829870,2024-04-11,"Создан микроволновый микроскоп для поиска дефектов в квантовых битах. Он позволяет изучать структуру и состав различных материалов, а также искать дефекты в структуре сверхпроводниковых кубитов, сообщила пресс-служба НИТУ МИСИС: [#alias|vk.cc/cw7oy5|",11,0,0,['#alias'],наука,ТАСС Наука,-81540170
63771,-81540170,1712828609,2024-04-11,"Ученые создали средство ""КомбоСпас"" на основе модификации гиалуроновой кислоты, способное останавливать кровь за 10-15 с. В настоящее время проведены первичные испытания, подана заявка на патент, сообщили ТАСС в пресс-службе РязГМУ: [#alias|vk.cc/cw7mqy|",30,6,0,['#alias'],наука,ТАСС Наука,-81540170
63770,-81540170,1712826405,2024-04-11,"Ракета-носитель тяжелого класса ""Ангара-А5"" с разгонным блоком ""Орион"" с третьей попытки совершила свой первый пуск с площадки 1А космодрома Восточный, передает корреспондент ТАСС: [#alias|vk.cc/cw7iaN| Видео: Роскосмос/ТАСС",31,3,0,['#alias'],наука,ТАСС Наука,-81540170
63769,-81540170,1712826251,2024-04-11,"Вклад болотных озер Сибири и Арктической зоны России в эмиссию парниковых газов исследуют ученые Томского государственного университета. Это позволит оценить влияние этих территорий на формирование глобального климата, сообщили ТАСС в пресс-службе вуза: [#alias|vk.cc/cw7hFB|",19,4,0,['#alias'],наука,ТАСС Наука,-81540170
63768,-81540170,1712760330,2024-04-10,"Недочеты, которые были выявлены во время переносов пусков тяжелой ракеты-носителя ""Ангара-А5"", устранены, заявил ТАСС первый заместитель председателя комитета Госдумы по экономической политике Денис Кравченко: [#alias|vk.cc/cw6tRY|",20,0,0,['#alias'],наука,ТАСС Наука,-81540170
63767,-81540170,1712752295,2024-04-10,"Строительство кластера ""Инжиниринг"", площадь которого составит 20 тыс. кв. м, началось на территории научно-технологического центра МГУ имени М. В. Ломоносова ""Воробьевы горы"", передает корреспондент ТАСС с торжественной церемонии, посвященной возведению комплекса: [#alias|vk.cc/cw6hKi|",5,0,0,['#alias'],наука,ТАСС Наука,-81540170
63766,-81540170,1712750740,2024-04-10,"Определены три вида опасных китайских моллюсков-беззубок. По словам биологов Федерального исследовательского центра комплексного изучения Арктики Уральского отделения РАН, быстрое и глобальное распространение беззубок требует введения контроля, чтобы не допустить дальнейшей инвазии: [#alias|vk.cc/cw6feZ|",15,2,0,['#alias'],наука,ТАСС Наука,-81540170
63765,-81540170,1712746300,2024-04-10,"Еще одна попытка пуска тяжелой ракеты-носителя ""Ангара-А5"" назначена на 11 апреля, сообщил гендиректор Роскосмоса Юрий Борисов: [#alias|vk.cc/cw68K6|",14,1,0,['#alias'],наука,ТАСС Наука,-81540170
63764,-81540170,1712740270,2024-04-10,"Пуск тяжелой ракеты-носителя ""Ангара-А5"" вновь отменен, свидетельствует трансляция Роскосмоса. Первый старт тяжелой ракеты-носителя ""Ангара-А5"" с космодрома Восточный перенесен минимум на 24 часа, передает корреспондент ТАСС: [#alias|vk.cc/cw5YHu|",10,2,0,['#alias'],наука,ТАСС Наука,-81540170
63763,-81540170,1712735790,2024-04-10,"Китайская автоматическая космическая станция ""Чанъэ-6"" впервые в истории попытается собрать образцы почвы с обратной стороны Луны. Об этом сообщила газета China Daily: [#alias|vk.cc/cw5QuW|",11,1,0,['#alias'],наука,ТАСС Наука,-81540170
63762,-81540170,1712726433,2024-04-10,"Государственная комиссия приняла решение о готовности к предстоящему пуску ракеты-носителя ""Ангара-А5"" с разгонным блоком ""Орион"". Об этом сообщили журналистам в Роскосмосе: [#alias|vk.cc/cw5Dhk|",12,1,0,['#alias'],наука,ТАСС Наука,-81540170
63761,-81540170,1712688413,2024-04-09,"Лауреат Нобелевской премии по физике Питер Хиггс умер на 95-м году жизни. Об этом сообщается в заявлении на сайте Эдинбургского университета. В 1964 году Хиггс предсказал обнаружение частицы, определяющей наличие массы у материи. Позже она получила название ""бозон Хиггса"": [#alias|vk.cc/cw5oqP|",31,10,0,['#alias'],наука,ТАСС Наука,-81540170
63760,-81540170,1712679337,2024-04-09,"Международный коллектив медиков получил пока самые исчерпывающие свидетельства того, что прием парацетамола во время беременности не повышает значимым образом вероятность развития аутизма. Об этом сообщила пресс-служба американского Университета Дрекселя: [#alias|vk.cc/cw5gqt|",24,6,0,['#alias'],наука,ТАСС Наука,-81540170
63759,-81540170,1712667509,2024-04-09,"Создана долгоживущая холодная плазма для квантовых симуляторов. По данным Российского научного фонда, она улучшит работу ионных микроскопов высокого разрешения: [#alias|vk.cc/cw50mJ|",12,1,0,['#alias'],наука,ТАСС Наука,-81540170
63758,-81540170,1712661209,2024-04-09,"Россияне увидят полное затмение Солнца в апреле 2060 года, сообщила ТАСС астроном, руководитель отдела методического сопровождения Московского планетария Людмила Кошман: [#alias|vk.cc/cw4OFq|",12,7,0,['#alias'],наука,ТАСС Наука,-81540170
63757,-81540170,1712657430,2024-04-09,"Новых комет во время затмения Солнца не обнаружили. Момент, когда Луна закрывает Солнце, традиционно используется учеными для наблюдения за планетами и поиска новых объектов: [#alias|vk.cc/cw4IcO|",20,4,0,['#alias'],наука,ТАСС Наука,-81540170
63756,-81540170,1712656356,2024-04-09,"Предварительно пуск тяжелой ракеты-носителя ""Ангара-А5"" перенесен на резервную дату, 10 апреля. Об этом заявил глава госкорпорации ""Роскосмос"" Юрий Борисов: [#alias|vk.cc/cw4FJr?utm...|",4,1,0,['#alias'],наука,ТАСС Наука,-81540170
63755,-81540170,1712653653,2024-04-09,"UPD: Причиной отмены старта ""Ангары-А5"" стал сбой системы наддува бака окислителя центрального блока, заявил Борисов: [#alias|vk.cc/cw4Fem| Пуск тяжелой ракеты-носителя ""Ангара-А5"" с разгонным блоком ""Орион"" отменен, следует из трансляции Роскосмоса: [#alias|vk.cc/cw4AXr| Видео: Роскосмос",10,0,0,"['#alias', '#alias']",наука,ТАСС Наука,-81540170
63754,-81540170,1712645012,2024-04-09,"Жители Соединенных Штатов с повышенным интересом наблюдали за солнечным затмением — явлением, при котором Луна закрывает Солнце. В следующий раз они смогут увидеть это природное явление лишь в 2044 году: [#alias|vk.cc/cw4kOj|",25,4,0,['#alias'],наука,ТАСС Наука,-81540170
63753,-81540170,1712604929,2024-04-08,"Молекулярные биологи из США и Австралии выяснили, что хронические вирусные инфекции развиваются в результате накопления в организме ранее неизвестного класса иммунных клеток, не способных активно вырабатывать антитела к возбудителям заболеваний. Об этом сообщила пресс-служба австралийского Университета Монаша: [#alias|vk.cc/cw414D|",50,17,0,['#alias'],наука,ТАСС Наука,-81540170
63752,-81540170,1712602658,2024-04-08,Корреспондент ТАСС в Мехико заснял солнечное затмение. Видео и фото: Сергей Новиков/ТАСС,30,4,0,[],наука,ТАСС Наука,-81540170
63751,-81540170,1712572295,2024-04-08,"Россия обсуждает с Китаем совместное исследование Марса. По словам научного руководителя Института космических исследований Российской академии наук Льва Зеленого, у РФ с КНР неплохое сотрудничество по Луне: [#alias|vk.cc/cw3qXb|",43,5,0,['#alias'],наука,ТАСС Наука,-81540170
63750,-81540170,1712568472,2024-04-08,"Затмение Солнца произойдет 8 апреля и продлится более пяти часов. Максимальную по длительности фазу увидят в Мексике, в России затмение не наблюдается, сообщили ТАСС в пресс-службе Московского планетария: [#alias|vk.cc/cw3kFX|",10,3,0,['#alias'],наука,ТАСС Наука,-81540170
63749,-81540170,1712489613,2024-04-07,"Паровые кольца, появившиеся над вулканом Этна, — феномен достаточно редкий, но не представляющий опасности. Как пояснил в газете La Repubblica исследователь Национального института геофизики и вулканологии Борис Бенке, эффект можно сравнить с ""курильщиком, выпускающим дымовые кольца"": [#alias|vk.cc/cw2mng|",21,4,0,['#alias'],наука,ТАСС Наука,-81540170
63748,-81540170,1712428257,2024-04-06,"Ради того, чтобы воссоздать древнюю экосистему в Якутии и таким образом постараться остановить потепление, не только ученые готовы на многое. Волонтер Николай Чечулин проделал путь через Северный Ледовитый океан, чтобы привезти 13 ""котяток"" — телят овцебыков. Рассказываем, какими сложностями сопровождалось путешествие: [#alias|vk.cc/cw1J4h|",19,3,0,['#alias'],наука,ТАСС Наука,-81540170
63747,-81540170,1712427630,2024-04-06,"Члены экипажа корабля ""Союз МС-24"" прибыли в Звездный городок на реабилитацию, передает корреспондент ТАСС. Космонавт Роскосмоса Олег Новицкий и первая белорусская участница космического полета Марина Василевская в ходе торжественной церемонии их встречи проследовали в профилакторий ЦПК: [#alias|vk.cc/cw1Iw2| Видео: Алексей Жуков/ТАСС",26,1,0,['#alias'],наука,ТАСС Наука,-81540170
63746,-81540170,1712410266,2024-04-06,"ИИ может справиться с тем, что не под силу даже нескольким операторам — управлением целым роем беспилотников, совместно выполняющих боевую задачу. Командир может отдать лишь общие указания, а остальное сделает система управления. ТАСС — о новой разработке для американского флота, ее достоинствах и недостатках: [#alias|vk.cc/cw1qp1|",14,2,0,['#alias'],наука,ТАСС Наука,-81540170
63745,-81540170,1712398832,2024-04-06,В самой северной точке Европы обнаружили быстрое потепление за последние 120 лет: [#alias|vk.cc/cw19UL|,19,3,0,['#alias'],наука,ТАСС Наука,-81540170
63744,-81540170,1712395873,2024-04-06,"На просторах интернета появляется информация о том, что для поддержания здоровья зубов нужно отказаться от их чистки, поскольку зубной камень восстанавливает зубную ткань. ТАСС выяснил, так ли это: [#alias|vk.cc/cw15dc|",8,2,0,['#alias'],наука,ТАСС Наука,-81540170
